OrderID,Product,Category,Region,Sales,Quantity,Discount,OrderDate,Price,user_id,product_id,purchase_amount,customer_id,customer_name,sales,stock_price,temperature_C,text_column
1,Monitor,Office Supplies,East,1801.95,1,0.1,01-01-2024,1801.95,44,1082,220.53,40,Customer_40,1801.95,137.51,-3.1,TypeB
2,Printer,Office Supplies,North,1003.2,3,0.1,02-01-2024,334.4,2,1021,437.64,14,Customer_14,1003.2,294.45,37.6,TypeA
3,Tablet,Electronics,East,1170.22,,0.22,03-01-2024,585.11,13,1036,422.55,33,Customer_33,1170.22,468.3,6.4,TypeB
4,Printer,Office Supplies,North,1421.48,5,0.27,04-01-2024,284.296,40,1095,101.19,14,Customer_14,1421.48,116.02,23.1,TypeC
5,Printer,Office Supplies,South,364.73,6,0.27,05-01-2024,60.78833333,2,1055,403.3,34,Customer_34,364.73,216.58,27.6,TypeC
6,Smartphone,Accessories,East,1248.39,7,0.23,06-01-2024,178.3414286,84,1058,234.51,4,Customer_4,1248.39,183.02,30.6,TypeA
7,Tablet,Electronics,South,1125.7,4,0.19,07-01-2024,281.425,65,1002,246.65,24,Customer_24,1125.7,195.26,37.3,TypeD
8,Tablet,Accessories,North,485.82,7,0.03,08-01-2024,69.40285714,63,1027,75.41,29,Customer_29,485.82,463.37,5.6,TypeA
9,Tablet,Accessories,West,1891.42,8,0.05,09-01-2024,236.4275,73,1073,49.49,19,Customer_19,1891.42,287.23,32.9,TypeD
10,Printer,Accessories,East,1237.84,1,0.27,10-01-2024,1237.84,17,1034,366.69,6,Customer_6,1237.84,286.52,-3.4,TypeB
11,Monitor,Accessories,North,1420.09,6,0.18,11-01-2024,236.6816667,9,1060,253.27,33,Customer_33,1420.09,404.23,25.3,TypeD
12,Tablet,Accessories,West,1772.89,8,0,12-01-2024,221.61125,75,1092,224.06,49,Customer_49,1772.89,161.8,27.1,TypeD
13,Printer,Accessories,West,1286.27,5,0.03,13-01-2024,257.254,15,1053,367.46,40,Customer_40,1286.27,294.91,23.9,TypeB
14,Smartphone,Accessories,South,661.7,4,0.2,14-01-2024,165.425,24,1062,385.1,19,Customer_19,661.7,271.99,2.6,TypeC
15,Monitor,Electronics,North,300.44,2,0,15-01-2024,150.22,38,1078,87.87,1,Customer_1,300.44,338.76,33.7,TypeB
16,Smartphone,Office Supplies,West,967.42,6,0.05,16-01-2024,161.2366667,35,1096,309.01,5,Customer_5,967.42,499.82,-1.6,TypeA
17,Monitor,Accessories,East,515.04,6,0.16,17-01-2024,85.84,94,1006,76.32,27,Customer_27,515.04,407.78,-7.3,TypeA
18,Printer,Accessories,East,891.37,1,0.21,18-01-2024,891.37,95,1075,378.17,16,Customer_16,891.37,259.15,25.9,TypeA
19,Laptop,Accessories,South,1778.23,9,0.2,19-01-2024,197.5811111,49,1048,331.91,6,Customer_6,1778.23,431.02,13.8,TypeA
20,Monitor,Accessories,West,716.26,6,0.07,20-01-2024,119.3766667,69,1093,478.74,40,Customer_40,716.26,168.28,32.5,TypeA
21,Smartphone,Accessories,North,331.97,3,0.21,21-01-2024,110.6566667,62,1084,43.79,13,Customer_13,331.97,112.19,9.2,TypeC
22,Printer,Accessories,East,776.97,4,0.07,22-01-2024,194.2425,60,1030,37.96,48,Customer_48,776.97,181.78,-1.6,TypeC
23,Monitor,Office Supplies,West,1822.97,4,0.1,23-01-2024,455.7425,50,1057,148.27,35,Customer_35,1822.97,236.16,31.8,TypeD
24,Laptop,Office Supplies,West,617.05,3,0.22,24-01-2024,205.6833333,78,1060,138.24,19,Customer_19,617.05,304.23,17.4,TypeA
25,Laptop,Accessories,South,1330.61,3,0.19,25-01-2024,443.5366667,75,1023,131.02,12,Customer_12,1330.61,346.05,-0.5,TypeB
26,Tablet,Office Supplies,East,100.99,3,0.25,26-01-2024,33.66333333,9,1019,454.06,16,Customer_16,100.99,464.24,26,TypeA
27,Tablet,Electronics,East,769.88,,0.2,27-01-2024,192.47,34,1036,132.28,43,Customer_43,769.88,303.94,15.6,TypeC
28,Smartphone,Accessories,North,679.08,7,0.17,28-01-2024,97.01142857,76,1003,143.26,10,Customer_10,679.08,300.51,20.2,TypeA
29,Monitor,Electronics,East,412.85,4,0.03,29-01-2024,103.2125,99,1091,382.11,25,Customer_25,412.85,120.1,13,TypeC
30,Monitor,Electronics,North,1114.77,9,0.11,30-01-2024,123.8633333,35,1019,230.37,20,Customer_20,1114.77,113.96,31.4,TypeD
31,Tablet,Accessories,East,1021.18,1,0.08,31-01-2024,1021.18,1,1059,390.59,31,Customer_31,1021.18,320.46,31.5,TypeD
32,Monitor,Office Supplies,South,1415.63,8,0.07,01-02-2024,176.95375,40,1023,42.03,4,Customer_4,1415.63,275.27,25.5,TypeD
33,Monitor,Electronics,East,611.88,7,0.29,02-02-2024,87.41142857,64,1049,248.91,44,Customer_44,611.88,435.67,-4.7,TypeC
34,Laptop,Accessories,North,563.84,2,0.12,03-02-2024,281.92,22,1048,26.47,23,Customer_23,563.84,164.27,31.9,TypeA
35,Tablet,Electronics,North,419.75,8,0.27,04-02-2024,52.46875,60,1050,40.7,2,Customer_2,419.75,109.99,23.6,TypeA
36,Printer,Electronics,South,515.65,1,0.19,05-02-2024,515.65,64,1095,454.15,22,Customer_22,515.65,279.62,24.9,TypeB
37,Tablet,Electronics,East,1160.39,9,0.24,06-02-2024,128.9322222,93,1035,78.23,37,Customer_37,1160.39,194.99,8.1,TypeC
38,Printer,Electronics,East,867.29,9,0.15,07-02-2024,96.36555556,72,1097,270.89,8,Customer_8,867.29,119.85,34,TypeB
39,Laptop,Office Supplies,South,223.3,2,0.17,08-02-2024,111.65,11,1099,211.44,7,Customer_7,223.3,389.84,26.3,TypeD
40,Smartphone,Electronics,East,582.44,7,0.15,09-02-2024,83.20571429,14,1065,180.2,14,Customer_14,582.44,144.64,-4.4,TypeA
41,Monitor,Electronics,East,569.06,3,0.06,10-02-2024,189.6866667,60,1078,450.92,3,Customer_3,569.06,343.33,10.4,TypeC
42,Laptop,Electronics,North,1422.98,7,0.22,11-02-2024,203.2828571,30,1033,20.69,50,Customer_50,1422.98,212.42,34.3,TypeB
43,Monitor,Office Supplies,East,1453.31,9,0.08,12-02-2024,161.4788889,35,1035,335.26,16,Customer_16,1453.31,169.4,-7.6,TypeB
44,Smartphone,Electronics,East,381.37,4,0.01,13-02-2024,95.3425,85,1005,482.06,19,Customer_19,381.37,251.9,38.1,TypeB
45,Smartphone,Electronics,South,1995.71,1,0.19,14-02-2024,1995.71,37,1038,284.48,18,Customer_18,1995.71,420.58,24,TypeA
46,Laptop,Office Supplies,South,606.88,2,0.05,15-02-2024,303.44,5,1041,469.04,16,Customer_16,606.88,256.84,21.6,TypeA
47,Smartphone,Office Supplies,West,1955.57,1,0.28,16-02-2024,1955.57,83,1057,35.61,8,Customer_8,1955.57,400.31,3.5,TypeA
48,Printer,Office Supplies,North,880.97,5,0.29,17-02-2024,176.194,78,1011,215.21,33,Customer_33,880.97,150.19,2.4,TypeC
49,Smartphone,Electronics,East,162.8,5,0.27,18-02-2024,32.56,26,1002,137.48,49,Customer_49,162.8,409.11,37.1,TypeA
50,Monitor,Office Supplies,East,755.64,7,0.11,19-02-2024,107.9485714,62,1017,368.1,12,Customer_12,755.64,194.77,4.9,TypeC
51,Monitor,Office Supplies,East,1801.95,1,0.1,01-01-2024,1801.95,4,1039,490.84,11,Customer_11,1801.95,370.96,28.8,TypeB
52,Printer,Office Supplies,North,1003.2,3,0.1,02-01-2024,334.4,89,1020,135.7,5,Customer_5,1003.2,326.31,9.7,TypeB
53,Tablet,Electronics,East,1170.22,2,0.22,03-01-2024,585.11,42,1014,330.55,27,Customer_27,1170.22,471.66,-3,TypeD
54,Printer,Office Supplies,North,1421.48,5,0.27,04-01-2024,284.296,89,1096,107.07,12,Customer_12,1421.48,254.93,-9.5,TypeA
55,Printer,Office Supplies,South,364.73,6,0.27,05-01-2024,60.78833333,18,1098,287.01,17,Customer_17,364.73,126.47,17.2,TypeB
56,Smartphone,Accessories,East,1248.39,7,0.23,06-01-2024,178.3414286,40,1025,237.33,6,Customer_6,1248.39,107.66,38.8,TypeA
57,Tablet,Electronics,South,1125.7,4,0.19,07-01-2024,281.425,72,1007,486.28,33,Customer_33,1125.7,430.74,8.5,TypeC
58,Tablet,Accessories,North,485.82,7,0.03,08-01-2024,69.40285714,39,1099,308.18,5,Customer_5,485.82,309.89,7.9,TypeB
59,Tablet,Accessories,West,1891.42,8,0.05,09-01-2024,236.4275,14,1093,181.26,28,Customer_28,1891.42,410.1,7.2,TypeA
60,Printer,Accessories,East,1237.84,1,0.27,10-01-2024,,32,1086,65.91,14,Customer_14,1237.84,193.77,16,TypeB
61,Monitor,Accessories,North,1420.09,6,0.18,11-01-2024,236.6816667,51,1041,84.11,5,Customer_5,1420.09,238.03,12,TypeB
62,Tablet,Accessories,West,1772.89,8,0,12-01-2024,221.61125,38,1043,120.41,33,Customer_33,1772.89,112.04,34,TypeA
63,Printer,Accessories,West,1286.27,5,0.03,13-01-2024,257.254,97,1013,132.97,50,Customer_50,1286.27,484.6,15.3,TypeB
64,Smartphone,Accessories,South,661.7,4,0.2,14-01-2024,165.425,23,1077,426.8,48,Customer_48,661.7,367.15,15.4,TypeB
65,Monitor,Electronics,North,300.44,2,0,15-01-2024,150.22,63,1001,285,41,Customer_41,300.44,473.28,-3.1,TypeB
66,Smartphone,Office Supplies,West,967.42,6,0.05,16-01-2024,161.2366667,15,1036,266.46,19,Customer_19,967.42,206.2,39.1,TypeB
67,Monitor,Accessories,East,515.04,6,0.16,17-01-2024,85.84,97,1068,66.24,22,Customer_22,515.04,344.59,2.5,TypeC
68,Printer,Accessories,East,891.37,1,0.21,18-01-2024,891.37,25,1037,431.47,5,Customer_5,891.37,371.4,-6.3,TypeB
69,Laptop,Accessories,South,1778.23,9,0.2,19-01-2024,197.5811111,17,1040,364.18,2,Customer_2,1778.23,227.02,23.2,TypeD
70,Monitor,Accessories,West,716.26,6,0.07,20-01-2024,119.3766667,97,1061,43.16,30,Customer_30,716.26,439.24,19.8,TypeB
71,Smartphone,Accessories,North,331.97,3,0.21,21-01-2024,110.6566667,66,1059,356.84,47,Customer_47,331.97,478.86,10.8,TypeA
72,Printer,Accessories,East,776.97,4,0.07,22-01-2024,194.2425,78,1013,276.33,39,Customer_39,776.97,453.94,11.1,TypeD
73,Monitor,Office Supplies,West,1822.97,4,0.1,23-01-2024,455.7425,53,1088,50.05,4,Customer_4,1822.97,395.63,29.3,TypeC
74,Laptop,Office Supplies,West,617.05,3,0.22,24-01-2024,205.6833333,51,1083,234.57,33,Customer_33,617.05,210.99,-0.2,TypeD
75,Laptop,Accessories,South,1330.61,3,0.19,25-01-2024,443.5366667,39,1001,247.5,13,Customer_13,1330.61,212.65,31,TypeD
76,Tablet,Office Supplies,East,100.99,,0.25,26-01-2024,33.66333333,51,1069,91.23,20,Customer_20,100.99,485.34,22.4,TypeD
77,Tablet,Electronics,East,769.88,4,0.2,27-01-2024,,70,1016,473.39,7,Customer_7,769.88,104.11,10.9,TypeA
78,Smartphone,Accessories,North,679.08,7,0.17,28-01-2024,97.01142857,6,1088,426.49,15,Customer_15,679.08,386.42,12.9,TypeA
79,Monitor,Electronics,East,412.85,4,0.03,29-01-2024,103.2125,67,1027,337.82,23,Customer_23,412.85,382.5,2.8,TypeA
80,Monitor,Electronics,North,1114.77,9,0.11,30-01-2024,123.8633333,7,1065,236.52,14,Customer_14,1114.77,349.08,27.6,TypeC
81,Tablet,Accessories,East,1021.18,1,0.08,31-01-2024,1021.18,51,1034,211.77,23,Customer_23,1021.18,496.04,15.6,TypeA
82,Monitor,Office Supplies,South,1415.63,8,0.07,01-02-2024,176.95375,72,1004,328.98,19,Customer_19,1415.63,224.75,6,TypeA
83,Monitor,Electronics,East,611.88,7,0.29,02-02-2024,87.41142857,42,1064,277.26,29,Customer_29,611.88,235.99,19.8,TypeD
84,Laptop,Accessories,North,563.84,2,0.12,03-02-2024,281.92,64,1039,40.51,20,Customer_20,563.84,131.58,39.8,TypeA
85,Tablet,Electronics,North,419.75,8,0.27,04-02-2024,52.46875,15,1075,261.13,29,Customer_29,419.75,277.12,11.8,TypeB
86,Printer,Electronics,South,515.65,1,0.19,05-02-2024,515.65,29,1055,405.14,24,Customer_24,515.65,204.42,36,TypeA
87,Tablet,Electronics,East,1160.39,9,0.24,06-02-2024,128.9322222,33,1035,235.03,18,Customer_18,1160.39,237.35,7.3,TypeC
88,Printer,Electronics,East,867.29,9,0.15,07-02-2024,96.36555556,94,1044,35.46,10,Customer_10,867.29,433.83,-7.3,TypeC
89,Laptop,Office Supplies,South,223.3,2,0.17,08-02-2024,111.65,27,1022,395.28,41,Customer_41,223.3,474.19,0.2,TypeB
90,Smartphone,Electronics,East,582.44,7,0.15,09-02-2024,83.20571429,36,1046,108.67,8,Customer_8,582.44,174.29,10.9,TypeC
91,Monitor,Electronics,East,569.06,3,0.06,10-02-2024,189.6866667,29,1030,136.72,26,Customer_26,569.06,249,1,TypeC
92,Laptop,Electronics,North,1422.98,7,0.22,11-02-2024,203.2828571,38,1010,90.71,29,Customer_29,1422.98,471.45,-10,TypeD
93,Monitor,Office Supplies,East,1453.31,9,0.08,12-02-2024,161.4788889,57,1009,171.81,10,Customer_10,1453.31,124.72,35.8,TypeB
94,Smartphone,Electronics,East,381.37,4,0.01,13-02-2024,95.3425,97,1066,380.81,17,Customer_17,381.37,136.94,32.2,TypeD
95,Smartphone,Electronics,South,1995.71,1,0.19,14-02-2024,1995.71,27,1013,264.5,2,Customer_2,1995.71,165.12,27.1,TypeD
96,Laptop,Office Supplies,South,606.88,2,0.05,15-02-2024,303.44,55,1079,110.39,6,Customer_6,606.88,338.09,-1.6,TypeA
97,Smartphone,Office Supplies,West,1955.57,1,0.28,16-02-2024,,33,1073,440.14,5,Customer_5,1955.57,160.19,-4,TypeB
98,Printer,Office Supplies,North,880.97,,0.29,17-02-2024,176.194,68,1092,441,28,Customer_28,880.97,487.23,-6.6,TypeA
99,Smartphone,Electronics,East,162.8,5,0.27,18-02-2024,32.56,86,1009,436.58,41,Customer_41,162.8,278.69,26.2,TypeA
100,Monitor,Office Supplies,East,755.64,7,0.11,19-02-2024,107.9485714,66,1075,127.01,5,Customer_5,755.64,300.61,36.4,TypeD
101,Monitor,Office Supplies,East,1801.95,1,0.1,01-01-2024,1801.95,10,1093,231.11,18,Customer_18,1801.95,198.66,11.5,TypeC
102,Printer,Office Supplies,North,1003.2,3,0.1,02-01-2024,,5,1000,492.64,26,Customer_26,1003.2,288.38,-4,TypeB
103,Tablet,Electronics,East,1170.22,2,0.22,03-01-2024,585.11,74,1004,388.29,20,Customer_20,1170.22,364.77,15.6,TypeC
104,Printer,Office Supplies,North,1421.48,5,0.27,04-01-2024,284.296,97,1019,23.31,41,Customer_41,1421.48,400.47,7.4,TypeD
105,Printer,Office Supplies,South,364.73,6,0.27,05-01-2024,60.78833333,38,1007,41.95,49,Customer_49,364.73,401.55,8.7,TypeD
106,Smartphone,Accessories,East,1248.39,7,0.23,06-01-2024,178.3414286,13,1042,237.33,27,Customer_27,1248.39,331.16,21.1,TypeD
107,Tablet,Electronics,South,1125.7,4,0.19,07-01-2024,281.425,31,1075,455.52,49,Customer_49,1125.7,461.74,25.9,TypeD
108,Tablet,Accessories,North,485.82,7,0.03,08-01-2024,69.40285714,47,1000,273.96,12,Customer_12,485.82,426.96,-4.5,TypeD
109,Tablet,Accessories,West,1891.42,8,0.05,09-01-2024,236.4275,100,1056,253.93,7,Customer_7,1891.42,402.82,-8.2,TypeD
110,Printer,Accessories,East,1237.84,1,0.27,10-01-2024,1237.84,88,1063,61.68,3,Customer_3,1237.84,122.24,39.7,TypeC
111,Monitor,Accessories,North,1420.09,6,0.18,11-01-2024,236.6816667,52,1083,331.82,10,Customer_10,1420.09,102.75,1.6,TypeA
112,Tablet,Accessories,West,1772.89,8,0,12-01-2024,221.61125,56,1027,412.83,34,Customer_34,1772.89,184.98,-7.3,TypeC
113,Printer,Accessories,West,1286.27,5,0.03,13-01-2024,257.254,15,1036,196.41,25,Customer_25,1286.27,365.41,-0.5,TypeB
114,Smartphone,Accessories,South,661.7,4,0.2,14-01-2024,165.425,29,1046,390.05,35,Customer_35,661.7,264.48,-8.1,TypeC
115,Monitor,Electronics,North,300.44,2,0,15-01-2024,150.22,8,1075,482.59,16,Customer_16,300.44,260.96,9.6,TypeD
116,Smartphone,Office Supplies,West,967.42,6,0.05,16-01-2024,161.2366667,5,1036,109.85,2,Customer_2,967.42,453.83,30.1,TypeC
117,Monitor,Accessories,East,515.04,6,0.16,17-01-2024,85.84,29,1048,266.43,24,Customer_24,515.04,458.23,7.1,TypeA
118,Printer,Accessories,East,891.37,1,0.21,18-01-2024,891.37,47,1043,150.7,10,Customer_10,891.37,463.67,12.2,TypeB
119,Laptop,Accessories,South,1778.23,9,0.2,19-01-2024,197.5811111,68,1055,398.5,38,Customer_38,1778.23,225.55,23.8,TypeC
120,Monitor,Accessories,West,716.26,6,0.07,20-01-2024,119.3766667,76,1027,293.02,22,Customer_22,716.26,376.42,15.4,TypeA
121,Smartphone,Accessories,North,331.97,3,0.21,21-01-2024,110.6566667,45,1078,320.95,26,Customer_26,331.97,208.65,33.1,TypeC
122,Printer,Accessories,East,776.97,4,0.07,22-01-2024,194.2425,2,1005,400.98,43,Customer_43,776.97,176.24,33.3,TypeB
123,Monitor,Office Supplies,West,1822.97,4,0.1,23-01-2024,455.7425,27,1060,204.03,39,Customer_39,1822.97,173.85,-9.5,TypeC
124,Laptop,Office Supplies,West,617.05,3,0.22,24-01-2024,205.6833333,95,1019,458.39,27,Customer_27,617.05,236.84,28.9,TypeD
125,Laptop,Accessories,South,1330.61,3,0.19,25-01-2024,443.5366667,36,1077,271.18,29,Customer_29,1330.61,271.98,13,TypeC
126,Tablet,Office Supplies,East,100.99,3,0.25,26-01-2024,33.66333333,36,1001,87.4,47,Customer_47,100.99,432.38,39.4,TypeA
127,Tablet,Electronics,East,769.88,4,0.2,27-01-2024,192.47,26,1072,350.99,38,Customer_38,769.88,147.96,14.2,TypeC
128,Smartphone,Accessories,North,679.08,7,0.17,28-01-2024,97.01142857,43,1036,398.7,20,Customer_20,679.08,393.97,39.3,TypeA
129,Monitor,Electronics,East,412.85,4,0.03,29-01-2024,103.2125,27,1019,165.21,27,Customer_27,412.85,312.58,27.7,TypeB
130,Monitor,Electronics,North,1114.77,9,0.11,30-01-2024,123.8633333,69,1025,430.02,41,Customer_41,1114.77,215.18,2.4,TypeC
131,Tablet,Accessories,East,1021.18,1,0.08,31-01-2024,1021.18,20,1028,454.01,20,Customer_20,1021.18,297.13,16.9,TypeB
132,Monitor,Office Supplies,South,1415.63,8,0.07,01-02-2024,176.95375,11,1000,145.68,44,Customer_44,1415.63,219.98,39.6,TypeB
133,Monitor,Electronics,East,611.88,7,0.29,02-02-2024,87.41142857,74,1034,491.93,19,Customer_19,611.88,338.43,32.9,TypeC
134,Laptop,Accessories,North,563.84,2,0.12,03-02-2024,281.92,38,1069,78.95,20,Customer_20,563.84,273.54,-5.1,TypeA
135,Tablet,Electronics,North,419.75,8,0.27,04-02-2024,52.46875,6,1058,108.99,35,Customer_35,419.75,165.76,25.3,TypeB
136,Printer,Electronics,South,515.65,1,0.19,05-02-2024,515.65,72,1068,100.27,47,Customer_47,515.65,146.63,7.3,TypeB
137,Tablet,Electronics,East,1160.39,9,0.24,06-02-2024,,23,1032,448.05,2,Customer_2,1160.39,318.68,-9.7,TypeC
138,Printer,Electronics,East,867.29,9,0.15,07-02-2024,96.36555556,47,1050,330.6,30,Customer_30,867.29,460.97,10.2,TypeC
139,Laptop,Office Supplies,South,223.3,2,0.17,08-02-2024,111.65,90,1077,84.53,34,Customer_34,223.3,237.58,1.7,TypeC
140,Smartphone,Electronics,East,582.44,7,0.15,09-02-2024,,46,1011,225.76,22,Customer_22,582.44,393.2,30.9,TypeC
141,Monitor,Electronics,East,569.06,3,0.06,10-02-2024,189.6866667,12,1019,311.5,3,Customer_3,569.06,363.46,6.9,TypeC
142,Laptop,Electronics,North,1422.98,7,0.22,11-02-2024,203.2828571,90,1052,50.9,6,Customer_6,1422.98,472.62,31.4,TypeD
143,Monitor,Office Supplies,East,1453.31,9,0.08,12-02-2024,161.4788889,13,1087,442.38,15,Customer_15,1453.31,428.39,-10,TypeC
144,Smartphone,Electronics,East,381.37,4,0.01,13-02-2024,95.3425,62,1042,403.77,27,Customer_27,381.37,326.64,5.4,TypeA
145,Smartphone,Electronics,South,1995.71,1,0.19,14-02-2024,1995.71,82,1097,257.55,10,Customer_10,1995.71,362.81,2.1,TypeB
146,Laptop,Office Supplies,South,606.88,2,0.05,15-02-2024,303.44,89,1088,483.89,9,Customer_9,606.88,459.35,1.7,TypeA
147,Smartphone,Office Supplies,West,1955.57,1,0.28,16-02-2024,1955.57,97,1049,214.7,33,Customer_33,1955.57,259.81,-6.6,TypeA
148,Printer,Office Supplies,North,880.97,5,0.29,17-02-2024,176.194,60,1028,492.21,32,Customer_32,880.97,230.72,-0.6,TypeD
149,Smartphone,Electronics,East,162.8,5,0.27,18-02-2024,32.56,43,1056,337.28,48,Customer_48,162.8,104.32,17.8,TypeC
150,Monitor,Office Supplies,East,755.64,7,0.11,19-02-2024,107.9485714,76,1038,320.99,6,Customer_6,755.64,430.62,4.6,TypeB
151,Monitor,Office Supplies,East,1801.95,1,0.1,01-01-2024,1801.95,100,1094,91.32,41,Customer_41,1801.95,420.39,10.9,TypeA
152,Printer,Office Supplies,North,1003.2,3,0.1,02-01-2024,334.4,68,1055,442.14,36,Customer_36,1003.2,141.78,8.8,TypeC
153,Tablet,Electronics,East,1170.22,2,0.22,03-01-2024,585.11,5,1042,219.47,2,Customer_2,1170.22,330.74,33.8,TypeC
154,Printer,Office Supplies,North,1421.48,5,0.27,04-01-2024,284.296,37,1049,89.49,29,Customer_29,1421.48,285.59,35.3,TypeD
155,Printer,Office Supplies,South,364.73,6,0.27,05-01-2024,60.78833333,72,1022,16.18,4,Customer_4,364.73,147.48,14.6,TypeD
156,Smartphone,Accessories,East,1248.39,7,0.23,06-01-2024,178.3414286,92,1043,284.28,1,Customer_1,1248.39,492.23,6.5,TypeD
157,Tablet,Electronics,South,1125.7,4,0.19,07-01-2024,281.425,31,1037,268.43,19,Customer_19,1125.7,185.88,-4.7,TypeB
158,Tablet,Accessories,North,485.82,7,0.03,08-01-2024,69.40285714,9,1083,362.48,26,Customer_26,485.82,126.89,37.7,TypeA
159,Tablet,Accessories,West,1891.42,8,0.05,09-01-2024,236.4275,51,1022,446.23,25,Customer_25,1891.42,337.94,-7,TypeD
160,Printer,Accessories,East,1237.84,1,0.27,10-01-2024,1237.84,29,1044,48.91,10,Customer_10,1237.84,395.55,4.9,TypeD
161,Monitor,Accessories,North,1420.09,6,0.18,11-01-2024,236.6816667,78,1051,368.43,15,Customer_15,1420.09,112.98,4.9,TypeD
162,Tablet,Accessories,West,1772.89,8,0,12-01-2024,221.61125,40,1079,101.83,22,Customer_22,1772.89,363.49,6,TypeA
163,Printer,Accessories,West,1286.27,5,0.03,13-01-2024,257.254,41,1049,430.51,48,Customer_48,1286.27,312.92,-1.8,TypeA
164,Smartphone,Accessories,South,661.7,4,0.2,14-01-2024,165.425,86,1007,411.34,21,Customer_21,661.7,141.31,29.2,TypeD
165,Monitor,Electronics,North,300.44,2,0,15-01-2024,150.22,11,1084,274.99,22,Customer_22,300.44,169.01,-3.9,TypeD
166,Smartphone,Office Supplies,West,967.42,6,0.05,16-01-2024,161.2366667,23,1000,358.02,36,Customer_36,967.42,327.19,21.7,TypeC
167,Monitor,Accessories,East,515.04,6,0.16,17-01-2024,85.84,1,1007,164.03,34,Customer_34,515.04,218.54,-3.8,TypeD
168,Printer,Accessories,East,891.37,1,0.21,18-01-2024,891.37,46,1028,240.87,30,Customer_30,891.37,475.33,-6.5,TypeB
169,Laptop,Accessories,South,1778.23,,0.2,19-01-2024,197.5811111,21,1095,412.6,25,Customer_25,1778.23,427.5,35.5,TypeB
170,Monitor,Accessories,West,716.26,6,0.07,20-01-2024,119.3766667,90,1004,235.04,45,Customer_45,716.26,493.43,-0.5,TypeD
171,Smartphone,Accessories,North,331.97,3,0.21,21-01-2024,110.6566667,36,1085,185.32,28,Customer_28,331.97,203.87,31.1,TypeA
172,Printer,Accessories,East,776.97,4,0.07,22-01-2024,194.2425,54,1046,252.16,1,Customer_1,776.97,487.89,17.2,TypeC
173,Monitor,Office Supplies,West,1822.97,4,0.1,23-01-2024,455.7425,87,1033,415.84,49,Customer_49,1822.97,272.49,-6.1,TypeA
174,Laptop,Office Supplies,West,617.05,3,0.22,24-01-2024,205.6833333,57,1064,174.25,45,Customer_45,617.05,239.01,37.8,TypeD
175,Laptop,Accessories,South,1330.61,3,0.19,25-01-2024,,1,1054,95.14,4,Customer_4,1330.61,120.14,2.3,TypeB
176,Tablet,Office Supplies,East,100.99,3,0.25,26-01-2024,33.66333333,63,1089,358.89,7,Customer_7,100.99,121.11,33,TypeC
177,Tablet,Electronics,East,769.88,4,0.2,27-01-2024,192.47,54,1042,414.73,49,Customer_49,769.88,376.8,-1.6,TypeA
178,Smartphone,Accessories,North,679.08,7,0.17,28-01-2024,97.01142857,55,1073,59.31,9,Customer_9,679.08,283.17,32.7,TypeA
179,Monitor,Electronics,East,412.85,4,0.03,29-01-2024,103.2125,40,1029,127.54,36,Customer_36,412.85,190.61,-9.3,TypeD
180,Monitor,Electronics,North,1114.77,9,0.11,30-01-2024,123.8633333,15,1081,79.57,19,Customer_19,1114.77,345.59,15.6,TypeC
181,Tablet,Accessories,East,1021.18,1,0.08,31-01-2024,1021.18,21,1016,180.49,1,Customer_1,1021.18,201.14,28.5,TypeB
182,Monitor,Office Supplies,South,1415.63,8,0.07,01-02-2024,176.95375,47,1025,230.67,10,Customer_10,1415.63,331.05,36.7,TypeD
183,Monitor,Electronics,East,611.88,7,0.29,02-02-2024,87.41142857,73,1007,376.92,36,Customer_36,611.88,243.68,35.5,TypeC
184,Laptop,Accessories,North,563.84,2,0.12,03-02-2024,281.92,53,1046,329.06,9,Customer_9,563.84,429.42,31,TypeA
185,Tablet,Electronics,North,419.75,8,0.27,04-02-2024,52.46875,9,1075,314.25,45,Customer_45,419.75,428.28,34.4,TypeD
186,Printer,Electronics,South,515.65,1,0.19,05-02-2024,515.65,74,1090,182.66,46,Customer_46,515.65,290.94,0,TypeA
187,Tablet,Electronics,East,1160.39,9,0.24,06-02-2024,128.9322222,52,1071,422.31,42,Customer_42,1160.39,240.33,4.2,TypeA
188,Printer,Electronics,East,867.29,9,0.15,07-02-2024,96.36555556,57,1088,240.93,32,Customer_32,867.29,245.02,4.4,TypeD
189,Laptop,Office Supplies,South,223.3,2,0.17,08-02-2024,111.65,26,1045,489.76,32,Customer_32,223.3,422.29,8.9,TypeD
190,Smartphone,Electronics,East,582.44,7,0.15,09-02-2024,83.20571429,41,1067,320.73,6,Customer_6,582.44,231.27,9.7,TypeD
191,Monitor,Electronics,East,569.06,3,0.06,10-02-2024,189.6866667,35,1032,71.87,48,Customer_48,569.06,183.62,17.2,TypeD
192,Laptop,Electronics,North,1422.98,7,0.22,11-02-2024,203.2828571,63,1000,341.33,38,Customer_38,1422.98,133.88,-2,TypeD
193,Monitor,Office Supplies,East,1453.31,9,0.08,12-02-2024,161.4788889,25,1018,169.3,17,Customer_17,1453.31,286.68,24.6,TypeA
194,Smartphone,Electronics,East,381.37,4,0.01,13-02-2024,95.3425,90,1030,346.3,10,Customer_10,381.37,292.85,-1.6,TypeB
195,Smartphone,Electronics,South,1995.71,1,0.19,14-02-2024,1995.71,75,1079,44.12,50,Customer_50,1995.71,436.36,5.5,TypeB
196,Laptop,Office Supplies,South,606.88,2,0.05,15-02-2024,303.44,38,1013,95.69,27,Customer_27,606.88,188.5,15.2,TypeD
197,Smartphone,Office Supplies,West,1955.57,1,0.28,16-02-2024,1955.57,2,1052,429.31,50,Customer_50,1955.57,252.4,29.8,TypeA
198,Printer,Office Supplies,North,880.97,5,0.29,17-02-2024,176.194,7,1047,121.32,35,Customer_35,880.97,423.36,27,TypeB
199,Smartphone,Electronics,East,162.8,5,0.27,18-02-2024,,82,1068,420.15,21,Customer_21,162.8,429.45,22.3,TypeB
200,Monitor,Office Supplies,East,755.64,7,0.11,19-02-2024,107.9485714,91,1089,146.85,25,Customer_25,755.64,253.84,-2.2,TypeB
201,Monitor,Office Supplies,East,1801.95,1,0.1,01-01-2024,1801.95,34,1061,325.01,28,Customer_28,1801.95,283.65,17.4,TypeA
202,Printer,Office Supplies,North,1003.2,3,0.1,02-01-2024,334.4,91,1091,350.13,47,Customer_47,1003.2,221.31,-5.6,TypeD
203,Tablet,Electronics,East,1170.22,2,0.22,03-01-2024,585.11,17,1065,261.2,15,Customer_15,1170.22,473.02,8.9,TypeD
204,Printer,Office Supplies,North,1421.48,5,0.27,04-01-2024,284.296,43,1063,159.6,4,Customer_4,1421.48,147.46,10.7,TypeD
205,Printer,Office Supplies,South,364.73,6,0.27,05-01-2024,60.78833333,59,1069,114.2,29,Customer_29,364.73,473.5,-8,TypeC
206,Smartphone,Accessories,East,1248.39,7,0.23,06-01-2024,178.3414286,51,1062,26.26,9,Customer_9,1248.39,373.55,3.7,TypeC
207,Tablet,Electronics,South,1125.7,4,0.19,07-01-2024,281.425,54,1072,158.93,27,Customer_27,1125.7,312.63,37.8,TypeC
208,Tablet,Accessories,North,485.82,7,0.03,08-01-2024,69.40285714,24,1032,330.05,26,Customer_26,485.82,113.06,37.7,TypeA
209,Tablet,Accessories,West,1891.42,8,0.05,09-01-2024,236.4275,25,1040,469.77,19,Customer_19,1891.42,290.24,7.6,TypeB
210,Printer,Accessories,East,1237.84,1,0.27,10-01-2024,1237.84,71,1088,436.89,28,Customer_28,1237.84,263.1,-7.8,TypeB
211,Monitor,Accessories,North,1420.09,6,0.18,11-01-2024,,52,1047,385.37,17,Customer_17,1420.09,164.49,-1,TypeA
212,Tablet,Accessories,West,1772.89,8,0,12-01-2024,221.61125,70,1012,396.34,43,Customer_43,1772.89,362.56,9.6,TypeA
213,Printer,Accessories,West,1286.27,5,0.03,13-01-2024,257.254,88,1072,335.84,41,Customer_41,1286.27,488.46,37.4,TypeD
214,Smartphone,Accessories,South,661.7,4,0.2,14-01-2024,165.425,33,1076,137.54,42,Customer_42,661.7,324.88,-2.9,TypeD
215,Monitor,Electronics,North,300.44,2,0,15-01-2024,150.22,49,1030,454.53,50,Customer_50,300.44,385.9,28.2,TypeC
216,Smartphone,Office Supplies,West,967.42,6,0.05,16-01-2024,161.2366667,29,1074,338.66,20,Customer_20,967.42,127.38,-4.6,TypeC
217,Monitor,Accessories,East,515.04,6,0.16,17-01-2024,85.84,63,1067,284.62,45,Customer_45,515.04,267.07,39.1,TypeA
218,Printer,Accessories,East,891.37,1,0.21,18-01-2024,891.37,22,1097,64.38,40,Customer_40,891.37,146.54,9.1,TypeC
219,Laptop,Accessories,South,1778.23,9,0.2,19-01-2024,197.5811111,26,1003,229.06,39,Customer_39,1778.23,345.12,28.8,TypeB
220,Monitor,Accessories,West,716.26,6,0.07,20-01-2024,119.3766667,28,1018,235.58,49,Customer_49,716.26,475.39,7.1,TypeA
221,Smartphone,Accessories,North,331.97,3,0.21,21-01-2024,110.6566667,85,1069,433.64,23,Customer_23,331.97,364.71,21.4,TypeA
222,Printer,Accessories,East,776.97,4,0.07,22-01-2024,194.2425,49,1097,277.86,47,Customer_47,776.97,130.72,-0.4,TypeB
223,Monitor,Office Supplies,West,1822.97,4,0.1,23-01-2024,455.7425,71,1081,196.4,32,Customer_32,1822.97,241.87,-2.7,TypeD
224,Laptop,Office Supplies,West,617.05,3,0.22,24-01-2024,205.6833333,81,1012,488.63,47,Customer_47,617.05,320.27,36.9,TypeD
225,Laptop,Accessories,South,1330.61,3,0.19,25-01-2024,443.5366667,84,1022,64.25,33,Customer_33,1330.61,261.28,35.9,TypeB
226,Tablet,Office Supplies,East,100.99,3,0.25,26-01-2024,33.66333333,49,1082,217.05,46,Customer_46,100.99,433.46,34.4,TypeB
227,Tablet,Electronics,East,769.88,4,0.2,27-01-2024,192.47,20,1074,30.59,5,Customer_5,769.88,425.87,21.3,TypeC
228,Smartphone,Accessories,North,679.08,7,0.17,28-01-2024,97.01142857,86,1000,372.55,43,Customer_43,679.08,344.73,30.4,TypeA
229,Monitor,Electronics,East,412.85,4,0.03,29-01-2024,103.2125,92,1087,459.86,48,Customer_48,412.85,249.38,-6.5,TypeC
230,Monitor,Electronics,North,1114.77,9,0.11,30-01-2024,123.8633333,63,1053,147.22,34,Customer_34,1114.77,202.13,6.7,TypeB
231,Tablet,Accessories,East,1021.18,1,0.08,31-01-2024,1021.18,61,1070,430.59,40,Customer_40,1021.18,142.35,5.7,TypeC
232,Monitor,Office Supplies,South,1415.63,8,0.07,01-02-2024,176.95375,49,1088,153.19,11,Customer_11,1415.63,241.96,21.8,TypeB
233,Monitor,Electronics,East,611.88,7,0.29,02-02-2024,87.41142857,71,1084,456.28,50,Customer_50,611.88,265.27,7.8,TypeC
234,Laptop,Accessories,North,563.84,2,0.12,03-02-2024,281.92,1,1014,379.44,3,Customer_3,563.84,370.33,-2.6,TypeC
235,Tablet,Electronics,North,419.75,8,0.27,04-02-2024,52.46875,96,1064,404.4,33,Customer_33,419.75,363.26,19.8,TypeD
236,Printer,Electronics,South,515.65,1,0.19,05-02-2024,,13,1075,18.82,11,Customer_11,515.65,128.04,30.7,TypeB
237,Tablet,Electronics,East,1160.39,9,0.24,06-02-2024,128.9322222,94,1070,481.78,16,Customer_16,1160.39,258.1,9.1,TypeC
238,Printer,Electronics,East,867.29,9,0.15,07-02-2024,96.36555556,87,1014,366.07,18,Customer_18,867.29,172.71,-3.4,TypeA
239,Laptop,Office Supplies,South,223.3,2,0.17,08-02-2024,111.65,51,1020,159.33,30,Customer_30,223.3,162.73,-0.2,TypeC
240,Smartphone,Electronics,East,582.44,7,0.15,09-02-2024,83.20571429,56,1018,416.4,48,Customer_48,582.44,430.92,1.9,TypeC
241,Monitor,Electronics,East,569.06,3,0.06,10-02-2024,189.6866667,83,1059,147.95,10,Customer_10,569.06,116.77,5,TypeA
242,Laptop,Electronics,North,1422.98,7,0.22,11-02-2024,203.2828571,62,1092,437.65,18,Customer_18,1422.98,267.67,22.1,TypeB
243,Monitor,Office Supplies,East,1453.31,9,0.08,12-02-2024,161.4788889,32,1088,65.16,38,Customer_38,1453.31,167.28,20,TypeD
244,Smartphone,Electronics,East,381.37,4,0.01,13-02-2024,95.3425,30,1032,354.81,19,Customer_19,381.37,451.73,24.8,TypeD
245,Smartphone,Electronics,South,1995.71,,0.19,14-02-2024,1995.71,29,1048,274.94,36,Customer_36,1995.71,322.82,8.1,TypeD
246,Laptop,Office Supplies,South,606.88,2,0.05,15-02-2024,303.44,49,1095,57.3,13,Customer_13,606.88,192.55,31.2,TypeA
247,Smartphone,Office Supplies,West,1955.57,1,0.28,16-02-2024,1955.57,45,1034,128.53,46,Customer_46,1955.57,300.97,0.2,TypeC
248,Printer,Office Supplies,North,880.97,5,0.29,17-02-2024,176.194,93,1043,16.08,3,Customer_3,880.97,392.59,13.5,TypeB
249,Smartphone,Electronics,East,162.8,5,0.27,18-02-2024,32.56,30,1089,239.7,10,Customer_10,162.8,483.25,30,TypeC
250,Monitor,Office Supplies,East,755.64,7,0.11,19-02-2024,107.9485714,16,1010,157.62,38,Customer_38,755.64,188.18,-1,TypeD
251,Monitor,Office Supplies,East,1801.95,1,0.1,01-01-2024,1801.95,40,1098,303.2,1,Customer_1,1801.95,454.47,-4.5,TypeC
252,Printer,Office Supplies,North,1003.2,3,0.1,02-01-2024,334.4,19,1071,155.65,27,Customer_27,1003.2,473.72,34.2,TypeA
253,Tablet,Electronics,East,1170.22,2,0.22,03-01-2024,585.11,18,1077,156.96,46,Customer_46,1170.22,466.57,7.1,TypeA
254,Printer,Office Supplies,North,1421.48,5,0.27,04-01-2024,284.296,1,1073,374.16,8,Customer_8,1421.48,354.17,24.2,TypeB
255,Printer,Office Supplies,South,364.73,,0.27,05-01-2024,60.78833333,78,1065,33.59,46,Customer_46,364.73,351.93,-8.7,TypeB
256,Smartphone,Accessories,East,1248.39,7,0.23,06-01-2024,178.3414286,47,1045,452.42,42,Customer_42,1248.39,261.28,24.5,TypeD
257,Tablet,Electronics,South,1125.7,4,0.19,07-01-2024,281.425,66,1008,427.61,17,Customer_17,1125.7,400.96,5.8,TypeB
258,Tablet,Accessories,North,485.82,7,0.03,08-01-2024,69.40285714,92,1002,337.22,9,Customer_9,485.82,312.52,-7.2,TypeC
259,Tablet,Accessories,West,1891.42,8,0.05,09-01-2024,236.4275,94,1084,300.68,6,Customer_6,1891.42,370.98,20.5,TypeA
260,Printer,Accessories,East,1237.84,1,0.27,10-01-2024,1237.84,38,1025,447.23,43,Customer_43,1237.84,271.38,2,TypeA
261,Monitor,Accessories,North,1420.09,6,0.18,11-01-2024,236.6816667,51,1071,100.81,25,Customer_25,1420.09,392.6,9.3,TypeA
262,Tablet,Accessories,West,1772.89,8,0,12-01-2024,221.61125,63,1047,48.69,39,Customer_39,1772.89,429.79,-6,TypeB
263,Printer,Accessories,West,1286.27,5,0.03,13-01-2024,257.254,4,1065,127.36,49,Customer_49,1286.27,158.57,-2.6,TypeA
264,Smartphone,Accessories,South,661.7,4,0.2,14-01-2024,165.425,1,1069,399.34,28,Customer_28,661.7,433.17,4.9,TypeA
265,Monitor,Electronics,North,300.44,2,0,15-01-2024,150.22,8,1027,26.99,33,Customer_33,300.44,316.12,-5.5,TypeA
266,Smartphone,Office Supplies,West,967.42,6,0.05,16-01-2024,161.2366667,29,1092,295.58,37,Customer_37,967.42,437.87,35.5,TypeD
267,Monitor,Accessories,East,515.04,6,0.16,17-01-2024,85.84,55,1025,497.76,9,Customer_9,515.04,272.52,-9.7,TypeD
268,Printer,Accessories,East,891.37,1,0.21,18-01-2024,891.37,3,1024,429.29,18,Customer_18,891.37,251.62,14.2,TypeB
269,Laptop,Accessories,South,1778.23,9,0.2,19-01-2024,197.5811111,32,1011,265.51,21,Customer_21,1778.23,466.02,-3.8,TypeA
270,Monitor,Accessories,West,716.26,6,0.07,20-01-2024,119.3766667,10,1004,41.18,2,Customer_2,716.26,200.47,5.4,TypeB
271,Smartphone,Accessories,North,331.97,3,0.21,21-01-2024,110.6566667,74,1097,417.37,43,Customer_43,331.97,437.68,36.3,TypeA
272,Printer,Accessories,East,776.97,4,0.07,22-01-2024,194.2425,83,1047,303.5,38,Customer_38,776.97,293.61,-1.9,TypeA
273,Monitor,Office Supplies,West,1822.97,4,0.1,23-01-2024,455.7425,34,1036,66.32,40,Customer_40,1822.97,305.64,38.3,TypeA
274,Laptop,Office Supplies,West,617.05,3,0.22,24-01-2024,205.6833333,97,1078,55.99,36,Customer_36,617.05,223.39,0.3,TypeB
275,Laptop,Accessories,South,1330.61,3,0.19,25-01-2024,443.5366667,87,1043,455.72,50,Customer_50,1330.61,329.22,27.1,TypeB
276,Tablet,Office Supplies,East,100.99,3,0.25,26-01-2024,33.66333333,55,1099,337.91,43,Customer_43,100.99,230.08,17.3,TypeA
277,Tablet,Electronics,East,769.88,4,0.2,27-01-2024,192.47,92,1014,416.35,37,Customer_37,769.88,115.71,34.2,TypeC
278,Smartphone,Accessories,North,679.08,7,0.17,28-01-2024,,32,1042,440.7,15,Customer_15,679.08,208.8,17.7,TypeB
279,Monitor,Electronics,East,412.85,4,0.03,29-01-2024,103.2125,50,1047,290.17,28,Customer_28,412.85,102.55,16.7,TypeD
280,Monitor,Electronics,North,1114.77,9,0.11,30-01-2024,123.8633333,7,1086,263.55,18,Customer_18,1114.77,491.34,-0.2,TypeB
281,Tablet,Accessories,East,1021.18,1,0.08,31-01-2024,,93,1069,220.91,34,Customer_34,1021.18,486.3,-1.7,TypeA
282,Monitor,Office Supplies,South,1415.63,8,0.07,01-02-2024,176.95375,8,1045,165.3,22,Customer_22,1415.63,258.06,35.8,TypeC
283,Monitor,Electronics,East,611.88,7,0.29,02-02-2024,87.41142857,65,1042,222.95,11,Customer_11,611.88,391.35,6.4,TypeA
284,Laptop,Accessories,North,563.84,2,0.12,03-02-2024,281.92,57,1020,389.2,13,Customer_13,563.84,238.32,8.6,TypeD
285,Tablet,Electronics,North,419.75,8,0.27,04-02-2024,52.46875,67,1022,304.94,4,Customer_4,419.75,368.44,28,TypeB
286,Printer,Electronics,South,515.65,1,0.19,05-02-2024,515.65,88,1079,447.34,22,Customer_22,515.65,422.17,6.9,TypeB
287,Tablet,Electronics,East,1160.39,9,0.24,06-02-2024,128.9322222,87,1046,227.26,7,Customer_7,1160.39,478.7,37.6,TypeA
288,Printer,Electronics,East,867.29,,0.15,07-02-2024,96.36555556,59,1014,307.47,43,Customer_43,867.29,260.08,26.9,TypeA
289,Laptop,Office Supplies,South,223.3,2,0.17,08-02-2024,111.65,72,1024,319.34,24,Customer_24,223.3,413.32,19.9,TypeD
290,Smartphone,Electronics,East,582.44,7,0.15,09-02-2024,83.20571429,54,1035,299.93,4,Customer_4,582.44,206.37,34,TypeC
291,Monitor,Electronics,East,569.06,3,0.06,10-02-2024,189.6866667,67,1074,354.29,28,Customer_28,569.06,496.13,-7.5,TypeD
292,Laptop,Electronics,North,1422.98,7,0.22,11-02-2024,203.2828571,51,1050,126.34,15,Customer_15,1422.98,110.31,2.9,TypeC
293,Monitor,Office Supplies,East,1453.31,9,0.08,12-02-2024,161.4788889,97,1014,261.06,1,Customer_1,1453.31,341.41,13.3,TypeB
294,Smartphone,Electronics,East,381.37,4,0.01,13-02-2024,95.3425,92,1067,61.07,3,Customer_3,381.37,363.8,1.3,TypeC
295,Smartphone,Electronics,South,1995.71,1,0.19,14-02-2024,1995.71,8,1020,198.41,14,Customer_14,1995.71,375.22,27.2,TypeC
296,Laptop,Office Supplies,South,606.88,2,0.05,15-02-2024,303.44,34,1012,248.96,38,Customer_38,606.88,148.16,36,TypeB
297,Smartphone,Office Supplies,West,1955.57,1,0.28,16-02-2024,1955.57,35,1085,329.59,50,Customer_50,1955.57,475.41,11.2,TypeB
298,Printer,Office Supplies,North,880.97,5,0.29,17-02-2024,176.194,96,1018,475.76,1,Customer_1,880.97,172.47,7.1,TypeB
299,Smartphone,Electronics,East,162.8,5,0.27,18-02-2024,32.56,88,1033,304.32,38,Customer_38,162.8,349.1,38.1,TypeD
300,Monitor,Office Supplies,East,755.64,7,0.11,19-02-2024,,78,1077,374.36,38,Customer_38,755.64,189.07,12.2,TypeB
301,Monitor,Office Supplies,East,1801.95,1,0.1,01-01-2024,1801.95,32,1067,258.07,21,Customer_21,1801.95,222.89,14.5,TypeA
302,Printer,Office Supplies,North,1003.2,3,0.1,02-01-2024,334.4,46,1051,320.71,48,Customer_48,1003.2,318.58,7.6,TypeB
303,Tablet,Electronics,East,1170.22,2,0.22,03-01-2024,585.11,16,1026,44.76,29,Customer_29,1170.22,266.88,35.5,TypeB
304,Printer,Office Supplies,North,1421.48,5,0.27,04-01-2024,284.296,68,1028,134.65,5,Customer_5,1421.48,164.09,18.4,TypeB
305,Printer,Office Supplies,South,364.73,6,0.27,05-01-2024,60.78833333,37,1027,187.31,49,Customer_49,364.73,168.37,28.1,TypeC
306,Smartphone,Accessories,East,1248.39,7,0.23,06-01-2024,178.3414286,54,1034,241.52,10,Customer_10,1248.39,267.26,30.6,TypeD
307,Tablet,Electronics,South,1125.7,4,0.19,07-01-2024,281.425,85,1007,32.37,28,Customer_28,1125.7,402.91,7.1,TypeB
308,Tablet,Accessories,North,485.82,7,0.03,08-01-2024,69.40285714,14,1015,78.61,21,Customer_21,485.82,459.19,11.7,TypeD
309,Tablet,Accessories,West,1891.42,8,0.05,09-01-2024,236.4275,95,1035,145.64,50,Customer_50,1891.42,133.65,32.4,TypeA
310,Printer,Accessories,East,1237.84,1,0.27,10-01-2024,1237.84,55,1029,486.05,7,Customer_7,1237.84,257.24,8.2,TypeA
311,Monitor,Accessories,North,1420.09,6,0.18,11-01-2024,236.6816667,48,1017,172.36,3,Customer_3,1420.09,140.1,29.7,TypeB
312,Tablet,Accessories,West,1772.89,8,0,12-01-2024,221.61125,82,1001,246.2,45,Customer_45,1772.89,106.64,37,TypeA
313,Printer,Accessories,West,1286.27,5,0.03,13-01-2024,,7,1048,106.09,47,Customer_47,1286.27,364.69,21.2,TypeD
314,Smartphone,Accessories,South,661.7,4,0.2,14-01-2024,165.425,74,1076,309.28,20,Customer_20,661.7,340.98,27.1,TypeC
315,Monitor,Electronics,North,300.44,2,0,15-01-2024,150.22,7,1003,147.53,19,Customer_19,300.44,165.21,30.3,TypeB
316,Smartphone,Office Supplies,West,967.42,6,0.05,16-01-2024,161.2366667,33,1089,111.43,35,Customer_35,967.42,193.53,32.3,TypeA
317,Monitor,Accessories,East,515.04,6,0.16,17-01-2024,85.84,23,1088,263.12,4,Customer_4,515.04,109.48,9.8,TypeD
318,Printer,Accessories,East,891.37,1,0.21,18-01-2024,891.37,85,1093,12.7,5,Customer_5,891.37,433.98,-7.4,TypeD
319,Laptop,Accessories,South,1778.23,9,0.2,19-01-2024,197.5811111,19,1074,13.76,1,Customer_1,1778.23,489.88,10.1,TypeA
320,Monitor,Accessories,West,716.26,6,0.07,20-01-2024,,19,1006,117.34,4,Customer_4,716.26,154.18,23.7,TypeD
321,Smartphone,Accessories,North,331.97,3,0.21,21-01-2024,110.6566667,36,1094,27.99,12,Customer_12,331.97,192.59,12.5,TypeD
322,Printer,Accessories,East,776.97,4,0.07,22-01-2024,194.2425,29,1073,62.93,27,Customer_27,776.97,447.36,27.4,TypeB
323,Monitor,Office Supplies,West,1822.97,4,0.1,23-01-2024,455.7425,60,1038,176.04,42,Customer_42,1822.97,470.59,7.8,TypeD
324,Laptop,Office Supplies,West,617.05,3,0.22,24-01-2024,205.6833333,82,1012,403.27,23,Customer_23,617.05,267.85,21.7,TypeA
325,Laptop,Accessories,South,1330.61,3,0.19,25-01-2024,443.5366667,2,1030,290.3,25,Customer_25,1330.61,120.25,-0.7,TypeB
326,Tablet,Office Supplies,East,100.99,3,0.25,26-01-2024,33.66333333,1,1070,261.21,21,Customer_21,100.99,115.76,27.5,TypeA
327,Tablet,Electronics,East,769.88,4,0.2,27-01-2024,192.47,47,1062,153.81,24,Customer_24,769.88,329.58,17.3,TypeC
328,Smartphone,Accessories,North,679.08,7,0.17,28-01-2024,97.01142857,69,1055,466.56,25,Customer_25,679.08,257.16,0.2,TypeA
329,Monitor,Electronics,East,412.85,4,0.03,29-01-2024,,20,1041,204.54,45,Customer_45,412.85,111.46,4.6,TypeA
330,Monitor,Electronics,North,1114.77,9,0.11,30-01-2024,123.8633333,11,1060,52.68,46,Customer_46,1114.77,333.3,27.4,TypeB
331,Tablet,Accessories,East,1021.18,1,0.08,31-01-2024,1021.18,2,1041,312.36,32,Customer_32,1021.18,104.52,14.1,TypeD
332,Monitor,Office Supplies,South,1415.63,8,0.07,01-02-2024,176.95375,67,1055,65.78,32,Customer_32,1415.63,414.95,0.8,TypeA
333,Monitor,Electronics,East,611.88,7,0.29,02-02-2024,87.41142857,87,1035,179.16,5,Customer_5,611.88,222.57,38.4,TypeB
334,Laptop,Accessories,North,563.84,2,0.12,03-02-2024,281.92,12,1083,258.63,36,Customer_36,563.84,116.1,25.8,TypeC
335,Tablet,Electronics,North,419.75,8,0.27,04-02-2024,52.46875,20,1067,438.37,46,Customer_46,419.75,335.34,37.9,TypeB
336,Printer,Electronics,South,515.65,1,0.19,05-02-2024,515.65,5,1006,251.84,42,Customer_42,515.65,259.07,11.4,TypeB
337,Tablet,Electronics,East,1160.39,9,0.24,06-02-2024,128.9322222,37,1053,354.11,49,Customer_49,1160.39,489.52,13.8,TypeD
338,Printer,Electronics,East,867.29,9,0.15,07-02-2024,96.36555556,38,1000,496.48,42,Customer_42,867.29,317.68,34.9,TypeA
339,Laptop,Office Supplies,South,223.3,2,0.17,08-02-2024,111.65,94,1043,74.43,39,Customer_39,223.3,210.1,16.3,TypeC
340,Smartphone,Electronics,East,582.44,7,0.15,09-02-2024,83.20571429,9,1044,144.62,16,Customer_16,582.44,383.78,25.4,TypeB
341,Monitor,Electronics,East,569.06,3,0.06,10-02-2024,189.6866667,98,1046,203.34,33,Customer_33,569.06,208.6,2.6,TypeA
342,Laptop,Electronics,North,1422.98,7,0.22,11-02-2024,203.2828571,53,1012,216.7,49,Customer_49,1422.98,461.7,12.3,TypeA
343,Monitor,Office Supplies,East,1453.31,9,0.08,12-02-2024,161.4788889,44,1021,211.4,21,Customer_21,1453.31,249.89,-3.8,TypeB
344,Smartphone,Electronics,East,381.37,4,0.01,13-02-2024,95.3425,99,1020,454.73,9,Customer_9,381.37,319.95,0.3,TypeA
345,Smartphone,Electronics,South,1995.71,1,0.19,14-02-2024,1995.71,86,1085,359.88,6,Customer_6,1995.71,120.23,-10,TypeB
346,Laptop,Office Supplies,South,606.88,2,0.05,15-02-2024,303.44,24,1091,307.87,45,Customer_45,606.88,270.45,-8,TypeB
347,Smartphone,Office Supplies,West,1955.57,1,0.28,16-02-2024,,81,1008,161.59,35,Customer_35,1955.57,432.95,38.9,TypeB
348,Printer,Office Supplies,North,880.97,5,0.29,17-02-2024,176.194,74,1025,413.66,39,Customer_39,880.97,422.26,2.1,TypeC
349,Smartphone,Electronics,East,162.8,5,0.27,18-02-2024,32.56,30,1008,477.98,22,Customer_22,162.8,189.73,23.2,TypeB
350,Monitor,Office Supplies,East,755.64,7,0.11,19-02-2024,107.9485714,59,1014,412.39,41,Customer_41,755.64,190.43,32,TypeD
351,Monitor,Office Supplies,East,1801.95,1,0.1,01-01-2024,1801.95,87,1009,10.77,5,Customer_5,1801.95,426.92,17.5,TypeA
352,Printer,Office Supplies,North,1003.2,3,0.1,02-01-2024,334.4,96,1087,321.84,42,Customer_42,1003.2,472.16,-2.3,TypeC
353,Tablet,Electronics,East,1170.22,2,0.22,03-01-2024,585.11,81,1041,35.06,23,Customer_23,1170.22,138.14,26.4,TypeA
354,Printer,Office Supplies,North,1421.48,5,0.27,04-01-2024,284.296,81,1071,136.23,17,Customer_17,1421.48,280.02,20,TypeC
355,Printer,Office Supplies,South,364.73,6,0.27,05-01-2024,60.78833333,14,1023,39.17,12,Customer_12,364.73,234.98,26.6,TypeD
356,Smartphone,Accessories,East,1248.39,7,0.23,06-01-2024,178.3414286,9,1079,305.86,23,Customer_23,1248.39,448.28,28.5,TypeC
357,Tablet,Electronics,South,1125.7,4,0.19,07-01-2024,281.425,40,1048,346.43,16,Customer_16,1125.7,133.41,38.8,TypeC
358,Tablet,Accessories,North,485.82,7,0.03,08-01-2024,69.40285714,66,1025,66.1,3,Customer_3,485.82,184.45,18.7,TypeC
359,Tablet,Accessories,West,1891.42,8,0.05,09-01-2024,236.4275,25,1090,198.08,30,Customer_30,1891.42,400.99,7.1,TypeA
360,Printer,Accessories,East,1237.84,1,0.27,10-01-2024,1237.84,73,1036,233.56,22,Customer_22,1237.84,120.52,22.4,TypeB
361,Monitor,Accessories,North,1420.09,6,0.18,11-01-2024,236.6816667,22,1067,190.84,9,Customer_9,1420.09,297.01,-6.6,TypeA
362,Tablet,Accessories,West,1772.89,8,0,12-01-2024,221.61125,4,1049,69.3,29,Customer_29,1772.89,276.84,34.9,TypeB
363,Printer,Accessories,West,1286.27,5,0.03,13-01-2024,257.254,26,1023,215.28,47,Customer_47,1286.27,233.76,-4,TypeA
364,Smartphone,Accessories,South,661.7,4,0.2,14-01-2024,165.425,58,1018,378.08,37,Customer_37,661.7,257.83,6.4,TypeD
365,Monitor,Electronics,North,300.44,,0,15-01-2024,150.22,29,1099,44.79,23,Customer_23,300.44,311.98,30.8,TypeD
366,Smartphone,Office Supplies,West,967.42,6,0.05,16-01-2024,161.2366667,98,1059,49.29,13,Customer_13,967.42,164.55,19.9,TypeC
367,Monitor,Accessories,East,515.04,6,0.16,17-01-2024,85.84,87,1038,183.84,32,Customer_32,515.04,328.8,9.7,TypeD
368,Printer,Accessories,East,891.37,1,0.21,18-01-2024,891.37,37,1073,471.45,46,Customer_46,891.37,422.17,13.7,TypeC
369,Laptop,Accessories,South,1778.23,9,0.2,19-01-2024,197.5811111,75,1088,337.6,47,Customer_47,1778.23,404.06,32.7,TypeB
370,Monitor,Accessories,West,716.26,6,0.07,20-01-2024,119.3766667,70,1017,342.55,48,Customer_48,716.26,161.56,7,TypeD
371,Smartphone,Accessories,North,331.97,3,0.21,21-01-2024,,18,1018,187.34,23,Customer_23,331.97,159.7,33.5,TypeB
372,Printer,Accessories,East,776.97,4,0.07,22-01-2024,,85,1035,300.89,45,Customer_45,776.97,207.27,-5.6,TypeA
373,Monitor,Office Supplies,West,1822.97,,0.1,23-01-2024,455.7425,42,1073,14.96,17,Customer_17,1822.97,244.43,28.8,TypeB
374,Laptop,Office Supplies,West,617.05,3,0.22,24-01-2024,205.6833333,100,1096,321.69,40,Customer_40,617.05,263.38,32.4,TypeA
375,Laptop,Accessories,South,1330.61,3,0.19,25-01-2024,443.5366667,41,1054,457.51,21,Customer_21,1330.61,371.88,-0.9,TypeB
376,Tablet,Office Supplies,East,100.99,3,0.25,26-01-2024,33.66333333,38,1068,310.16,2,Customer_2,100.99,122.67,11.5,TypeB
377,Tablet,Electronics,East,769.88,4,0.2,27-01-2024,192.47,34,1046,438.11,37,Customer_37,769.88,113.87,-1.7,TypeD
378,Smartphone,Accessories,North,679.08,7,0.17,28-01-2024,97.01142857,17,1048,364.75,6,Customer_6,679.08,256.76,25.3,TypeB
379,Monitor,Electronics,East,412.85,4,0.03,29-01-2024,103.2125,37,1098,69.07,44,Customer_44,412.85,378.87,16.8,TypeD
380,Monitor,Electronics,North,1114.77,9,0.11,30-01-2024,123.8633333,25,1097,452.2,18,Customer_18,1114.77,177.37,21.8,TypeD
381,Tablet,Accessories,East,1021.18,1,0.08,31-01-2024,1021.18,76,1032,42.56,30,Customer_30,1021.18,356.6,-0.2,TypeC
382,Monitor,Office Supplies,South,1415.63,8,0.07,01-02-2024,176.95375,87,1020,271.64,22,Customer_22,1415.63,203.93,0.6,TypeC
383,Monitor,Electronics,East,611.88,7,0.29,02-02-2024,87.41142857,86,1080,79.65,33,Customer_33,611.88,454.43,-7.9,TypeA
384,Laptop,Accessories,North,563.84,2,0.12,03-02-2024,281.92,85,1021,15.74,30,Customer_30,563.84,458.28,6.1,TypeB
385,Tablet,Electronics,North,419.75,8,0.27,04-02-2024,52.46875,27,1047,216.8,17,Customer_17,419.75,218.91,18,TypeA
386,Printer,Electronics,South,515.65,1,0.19,05-02-2024,515.65,57,1036,154.57,43,Customer_43,515.65,192,32.9,TypeB
387,Tablet,Electronics,East,1160.39,9,0.24,06-02-2024,128.9322222,31,1014,248.14,32,Customer_32,1160.39,264.52,23.3,TypeC
388,Printer,Electronics,East,867.29,9,0.15,07-02-2024,96.36555556,6,1034,292.83,42,Customer_42,867.29,196.21,11.8,TypeC
389,Laptop,Office Supplies,South,223.3,2,0.17,08-02-2024,111.65,91,1091,31.43,14,Customer_14,223.3,368.95,37.7,TypeB
390,Smartphone,Electronics,East,582.44,7,0.15,09-02-2024,83.20571429,40,1070,70.27,10,Customer_10,582.44,430.43,26,TypeB
391,Monitor,Electronics,East,569.06,3,0.06,10-02-2024,189.6866667,98,1031,283.73,47,Customer_47,569.06,369.24,36.5,TypeC
392,Laptop,Electronics,North,1422.98,7,0.22,11-02-2024,203.2828571,12,1010,178.15,36,Customer_36,1422.98,429.74,16.4,TypeC
393,Monitor,Office Supplies,East,1453.31,9,0.08,12-02-2024,161.4788889,53,1009,367.3,34,Customer_34,1453.31,258.8,2.9,TypeA
394,Smartphone,Electronics,East,381.37,4,0.01,13-02-2024,95.3425,71,1072,329.62,9,Customer_9,381.37,162.53,-7.4,TypeC
395,Smartphone,Electronics,South,1995.71,1,0.19,14-02-2024,1995.71,10,1077,424.35,42,Customer_42,1995.71,395.18,26.3,TypeB
396,Laptop,Office Supplies,South,606.88,2,0.05,15-02-2024,303.44,45,1076,349.32,28,Customer_28,606.88,244.19,-3.9,TypeA
397,Smartphone,Office Supplies,West,1955.57,1,0.28,16-02-2024,1955.57,17,1056,220.67,11,Customer_11,1955.57,368.51,5.1,TypeB
398,Printer,Office Supplies,North,880.97,5,0.29,17-02-2024,176.194,26,1024,339.75,14,Customer_14,880.97,208.26,16.6,TypeD
399,Smartphone,Electronics,East,162.8,5,0.27,18-02-2024,32.56,85,1001,144.94,39,Customer_39,162.8,132.49,18.2,TypeA
400,Monitor,Office Supplies,East,755.64,7,0.11,19-02-2024,107.9485714,92,1063,160.09,47,Customer_47,755.64,497.03,20,TypeB
401,Monitor,Office Supplies,East,1801.95,1,0.1,01-01-2024,1801.95,62,1034,396.6,19,Customer_19,1801.95,162.48,-1.7,TypeC
402,Printer,Office Supplies,North,1003.2,3,0.1,02-01-2024,334.4,46,1006,228.75,15,Customer_15,1003.2,495.37,9,TypeD
403,Tablet,Electronics,East,1170.22,2,0.22,03-01-2024,585.11,64,1084,401.21,28,Customer_28,1170.22,490.91,20.9,TypeB
404,Printer,Office Supplies,North,1421.48,5,0.27,04-01-2024,284.296,2,1017,412.99,24,Customer_24,1421.48,417.53,38.5,TypeA
405,Printer,Office Supplies,South,364.73,6,0.27,05-01-2024,60.78833333,54,1066,430.21,8,Customer_8,364.73,363.77,26.4,TypeB
406,Smartphone,Accessories,East,1248.39,7,0.23,06-01-2024,178.3414286,65,1041,459.15,43,Customer_43,1248.39,331.12,36.1,TypeD
407,Tablet,Electronics,South,1125.7,4,0.19,07-01-2024,281.425,51,1038,221.18,9,Customer_9,1125.7,446.44,28.1,TypeA
408,Tablet,Accessories,North,485.82,7,0.03,08-01-2024,69.40285714,53,1040,166.24,47,Customer_47,485.82,215.78,19.6,TypeD
409,Tablet,Accessories,West,1891.42,8,0.05,09-01-2024,236.4275,36,1074,295.28,33,Customer_33,1891.42,287.07,-0.4,TypeB
410,Printer,Accessories,East,1237.84,1,0.27,10-01-2024,1237.84,26,1023,191.87,33,Customer_33,1237.84,347.76,23.3,TypeC
411,Monitor,Accessories,North,1420.09,6,0.18,11-01-2024,236.6816667,29,1059,304.53,19,Customer_19,1420.09,264.48,21.2,TypeC
412,Tablet,Accessories,West,1772.89,8,0,12-01-2024,,21,1045,355.74,3,Customer_3,1772.89,270.99,20.1,TypeB
413,Printer,Accessories,West,1286.27,5,0.03,13-01-2024,257.254,11,1018,347.32,10,Customer_10,1286.27,232.11,14.5,TypeB
414,Smartphone,Accessories,South,661.7,4,0.2,14-01-2024,165.425,40,1067,193.53,40,Customer_40,661.7,325.69,16.4,TypeB
415,Monitor,Electronics,North,300.44,2,0,15-01-2024,150.22,11,1089,91.76,47,Customer_47,300.44,440.23,6.7,TypeA
416,Smartphone,Office Supplies,West,967.42,6,0.05,16-01-2024,161.2366667,36,1041,220.96,42,Customer_42,967.42,180.61,16,TypeD
417,Monitor,Accessories,East,515.04,,0.16,17-01-2024,85.84,59,1031,79.87,1,Customer_1,515.04,473.77,-0.1,TypeD
418,Printer,Accessories,East,891.37,1,0.21,18-01-2024,891.37,39,1038,446.15,29,Customer_29,891.37,375.64,30.3,TypeD
419,Laptop,Accessories,South,1778.23,9,0.2,19-01-2024,197.5811111,99,1035,179.48,50,Customer_50,1778.23,429.31,-0.7,TypeB
420,Monitor,Accessories,West,716.26,6,0.07,20-01-2024,119.3766667,54,1096,85.69,34,Customer_34,716.26,322.48,-5.8,TypeD
421,Smartphone,Accessories,North,331.97,3,0.21,21-01-2024,110.6566667,98,1035,22.47,13,Customer_13,331.97,411.81,11.8,TypeB
422,Printer,Accessories,East,776.97,4,0.07,22-01-2024,194.2425,55,1002,326.45,1,Customer_1,776.97,106.48,22.9,TypeA
423,Monitor,Office Supplies,West,1822.97,4,0.1,23-01-2024,455.7425,24,1072,322.08,34,Customer_34,1822.97,427.35,11.9,TypeC
424,Laptop,Office Supplies,West,617.05,3,0.22,24-01-2024,205.6833333,22,1007,176.9,29,Customer_29,617.05,116.06,3.8,TypeB
425,Laptop,Accessories,South,1330.61,3,0.19,25-01-2024,443.5366667,69,1096,45.14,48,Customer_48,1330.61,455.97,17.9,TypeB
426,Tablet,Office Supplies,East,100.99,3,0.25,26-01-2024,33.66333333,56,1069,210.72,47,Customer_47,100.99,496.79,7.4,TypeC
427,Tablet,Electronics,East,769.88,4,0.2,27-01-2024,192.47,33,1040,162.5,13,Customer_13,769.88,217.63,36.6,TypeC
428,Smartphone,Accessories,North,679.08,7,0.17,28-01-2024,97.01142857,36,1067,341.79,48,Customer_48,679.08,184.13,36.1,TypeA
429,Monitor,Electronics,East,412.85,4,0.03,29-01-2024,103.2125,20,1012,306.83,49,Customer_49,412.85,406.15,15.1,TypeD
430,Monitor,Electronics,North,1114.77,9,0.11,30-01-2024,123.8633333,83,1048,188.65,29,Customer_29,1114.77,201.21,6.4,TypeB
431,Tablet,Accessories,East,1021.18,1,0.08,31-01-2024,1021.18,99,1059,116.77,39,Customer_39,1021.18,446.22,26.9,TypeD
432,Monitor,Office Supplies,South,1415.63,8,0.07,01-02-2024,176.95375,81,1001,494.14,24,Customer_24,1415.63,141.14,-8.2,TypeB
433,Monitor,Electronics,East,611.88,7,0.29,02-02-2024,87.41142857,62,1059,232.46,26,Customer_26,611.88,150.38,13.7,TypeA
434,Laptop,Accessories,North,563.84,2,0.12,03-02-2024,281.92,98,1004,347.25,17,Customer_17,563.84,491.66,6.8,TypeC
435,Tablet,Electronics,North,419.75,8,0.27,04-02-2024,52.46875,73,1043,78.87,7,Customer_7,419.75,369.54,36,TypeA
436,Printer,Electronics,South,515.65,1,0.19,05-02-2024,515.65,26,1026,247.94,13,Customer_13,515.65,438.75,-9.4,TypeC
437,Tablet,Electronics,East,1160.39,9,0.24,06-02-2024,128.9322222,66,1031,23.49,5,Customer_5,1160.39,229.73,17.6,TypeD
438,Printer,Electronics,East,867.29,9,0.15,07-02-2024,96.36555556,73,1020,257.67,26,Customer_26,867.29,370.59,27,TypeD
439,Laptop,Office Supplies,South,223.3,2,0.17,08-02-2024,111.65,73,1007,482.37,49,Customer_49,223.3,337.7,14.3,TypeA
440,Smartphone,Electronics,East,582.44,7,0.15,09-02-2024,,40,1071,198.26,3,Customer_3,582.44,341.26,-5.7,TypeC
441,Monitor,Electronics,East,569.06,3,0.06,10-02-2024,189.6866667,17,1049,29.11,7,Customer_7,569.06,373.01,38.6,TypeA
442,Laptop,Electronics,North,1422.98,,0.22,11-02-2024,203.2828571,1,1066,25.17,49,Customer_49,1422.98,330.14,15.9,TypeC
443,Monitor,Office Supplies,East,1453.31,9,0.08,12-02-2024,161.4788889,89,1043,200.11,39,Customer_39,1453.31,271.62,20.7,TypeC
444,Smartphone,Electronics,East,381.37,4,0.01,13-02-2024,95.3425,61,1057,88.41,1,Customer_1,381.37,210.37,1.8,TypeD
445,Smartphone,Electronics,South,1995.71,1,0.19,14-02-2024,1995.71,43,1002,21.44,49,Customer_49,1995.71,407.43,14.2,TypeD
446,Laptop,Office Supplies,South,606.88,2,0.05,15-02-2024,303.44,42,1085,380.54,17,Customer_17,606.88,190.51,11.5,TypeC
447,Smartphone,Office Supplies,West,1955.57,1,0.28,16-02-2024,1955.57,25,1069,234.68,43,Customer_43,1955.57,376.94,-6.3,TypeC
448,Printer,Office Supplies,North,880.97,5,0.29,17-02-2024,176.194,39,1001,151.73,25,Customer_25,880.97,193.33,-4.7,TypeC
449,Smartphone,Electronics,East,162.8,5,0.27,18-02-2024,32.56,35,1086,451.04,3,Customer_3,162.8,350.13,31.9,TypeD
450,Monitor,Office Supplies,East,755.64,7,0.11,19-02-2024,107.9485714,3,1043,66.91,15,Customer_15,755.64,398.83,2,TypeD
451,Monitor,Office Supplies,East,1801.95,1,0.1,01-01-2024,1801.95,44,1001,478.4,29,Customer_29,1801.95,187.49,-0.3,TypeB
452,Printer,Office Supplies,North,1003.2,3,0.1,02-01-2024,334.4,51,1080,163.84,43,Customer_43,1003.2,123.98,15.2,TypeC
453,Tablet,Electronics,East,1170.22,2,0.22,03-01-2024,585.11,94,1034,445.32,32,Customer_32,1170.22,152.39,28.4,TypeB
454,Printer,Office Supplies,North,1421.48,5,0.27,04-01-2024,284.296,98,1097,305.44,26,Customer_26,1421.48,342.4,-6.9,TypeC
455,Printer,Office Supplies,South,364.73,6,0.27,05-01-2024,60.78833333,12,1086,415.09,16,Customer_16,364.73,439.78,18.8,TypeD
456,Smartphone,Accessories,East,1248.39,7,0.23,06-01-2024,178.3414286,19,1029,492.17,25,Customer_25,1248.39,118,-4,TypeB
457,Tablet,Electronics,South,1125.7,4,0.19,07-01-2024,281.425,44,1007,151.32,28,Customer_28,1125.7,393.66,-8.2,TypeB
458,Tablet,Accessories,North,485.82,7,0.03,08-01-2024,69.40285714,59,1021,480.96,9,Customer_9,485.82,236.53,-7.4,TypeA
459,Tablet,Accessories,West,1891.42,8,0.05,09-01-2024,236.4275,49,1043,200.85,1,Customer_1,1891.42,291.41,31.7,TypeC
460,Printer,Accessories,East,1237.84,1,0.27,10-01-2024,1237.84,61,1057,198.9,29,Customer_29,1237.84,471.54,-4.1,TypeD
461,Monitor,Accessories,North,1420.09,6,0.18,11-01-2024,236.6816667,17,1035,176.79,22,Customer_22,1420.09,232.79,-7.7,TypeA
462,Tablet,Accessories,West,1772.89,8,0,12-01-2024,221.61125,74,1068,275.29,16,Customer_16,1772.89,286.13,11.9,TypeA
463,Printer,Accessories,West,1286.27,5,0.03,13-01-2024,257.254,57,1076,85.53,41,Customer_41,1286.27,105.47,32.2,TypeC
464,Smartphone,Accessories,South,661.7,4,0.2,14-01-2024,165.425,55,1092,281.32,44,Customer_44,661.7,132.64,3.1,TypeA
465,Monitor,Electronics,North,300.44,2,0,15-01-2024,150.22,47,1030,275.44,41,Customer_41,300.44,203.44,11.1,TypeC
466,Smartphone,Office Supplies,West,967.42,6,0.05,16-01-2024,161.2366667,12,1046,383.33,7,Customer_7,967.42,111.14,-8,TypeA
467,Monitor,Accessories,East,515.04,6,0.16,17-01-2024,85.84,62,1054,418.49,14,Customer_14,515.04,352.55,12.5,TypeC
468,Printer,Accessories,East,891.37,1,0.21,18-01-2024,891.37,80,1079,225.82,29,Customer_29,891.37,270.56,18.9,TypeD
469,Laptop,Accessories,South,1778.23,9,0.2,19-01-2024,197.5811111,88,1061,158.14,19,Customer_19,1778.23,319.26,18.5,TypeC
470,Monitor,Accessories,West,716.26,6,0.07,20-01-2024,119.3766667,83,1029,137.07,19,Customer_19,716.26,169.86,6.6,TypeC
471,Smartphone,Accessories,North,331.97,3,0.21,21-01-2024,110.6566667,8,1054,105.37,2,Customer_2,331.97,218.37,5.8,TypeB
472,Printer,Accessories,East,776.97,4,0.07,22-01-2024,194.2425,95,1015,38.25,41,Customer_41,776.97,365.53,-4.7,TypeD
473,Monitor,Office Supplies,West,1822.97,4,0.1,23-01-2024,455.7425,21,1011,177.8,45,Customer_45,1822.97,486.12,8.3,TypeD
474,Laptop,Office Supplies,West,617.05,3,0.22,24-01-2024,205.6833333,81,1016,142.42,15,Customer_15,617.05,120.17,-5,TypeD
475,Laptop,Accessories,South,1330.61,3,0.19,25-01-2024,443.5366667,87,1015,483.54,3,Customer_3,1330.61,456.15,28.3,TypeA
476,Tablet,Office Supplies,East,100.99,3,0.25,26-01-2024,33.66333333,80,1011,283.28,11,Customer_11,100.99,330.75,38.3,TypeB
477,Tablet,Electronics,East,769.88,4,0.2,27-01-2024,192.47,70,1007,180.17,46,Customer_46,769.88,325.57,38.5,TypeD
478,Smartphone,Accessories,North,679.08,7,0.17,28-01-2024,97.01142857,72,1083,294.43,30,Customer_30,679.08,300.11,33.3,TypeA
479,Monitor,Electronics,East,412.85,4,0.03,29-01-2024,103.2125,25,1002,78.21,40,Customer_40,412.85,127.76,20,TypeA
480,Monitor,Electronics,North,1114.77,9,0.11,30-01-2024,123.8633333,82,1015,227.58,18,Customer_18,1114.77,135.95,25,TypeA
481,Tablet,Accessories,East,1021.18,1,0.08,31-01-2024,1021.18,89,1029,316.85,48,Customer_48,1021.18,340.36,4.3,TypeB
482,Monitor,Office Supplies,South,1415.63,8,0.07,01-02-2024,176.95375,12,1022,249.56,2,Customer_2,1415.63,236.38,21.5,TypeA
483,Monitor,Electronics,East,611.88,7,0.29,02-02-2024,87.41142857,15,1091,206.87,32,Customer_32,611.88,466.91,12.8,TypeB
484,Laptop,Accessories,North,563.84,2,0.12,03-02-2024,281.92,59,1004,496.99,8,Customer_8,563.84,262.64,14.1,TypeC
485,Tablet,Electronics,North,419.75,8,0.27,04-02-2024,52.46875,26,1083,441.35,22,Customer_22,419.75,157.31,27.9,TypeA
486,Printer,Electronics,South,515.65,1,0.19,05-02-2024,515.65,26,1064,315.47,6,Customer_6,515.65,385.89,4.1,TypeD
487,Tablet,Electronics,East,1160.39,9,0.24,06-02-2024,128.9322222,47,1029,288.99,12,Customer_12,1160.39,217.34,5.9,TypeA
488,Printer,Electronics,East,867.29,9,0.15,07-02-2024,96.36555556,32,1020,314.12,47,Customer_47,867.29,310.19,36.2,TypeC
489,Laptop,Office Supplies,South,223.3,2,0.17,08-02-2024,111.65,10,1083,108.64,40,Customer_40,223.3,379.13,-7.2,TypeC
490,Smartphone,Electronics,East,582.44,7,0.15,09-02-2024,83.20571429,16,1069,203.62,36,Customer_36,582.44,460.11,14.3,TypeA
491,Monitor,Electronics,East,569.06,3,0.06,10-02-2024,189.6866667,71,1021,29.34,15,Customer_15,569.06,416.88,35.6,TypeC
492,Laptop,Electronics,North,1422.98,,0.22,11-02-2024,203.2828571,17,1081,243.02,28,Customer_28,1422.98,370.54,20.5,TypeB
493,Monitor,Office Supplies,East,1453.31,9,0.08,12-02-2024,161.4788889,23,1071,276.08,49,Customer_49,1453.31,371.85,17.3,TypeB
494,Smartphone,Electronics,East,381.37,4,0.01,13-02-2024,95.3425,26,1031,121.6,45,Customer_45,381.37,478.37,2.5,TypeA
495,Smartphone,Electronics,South,1995.71,1,0.19,14-02-2024,1995.71,85,1032,482.37,18,Customer_18,1995.71,218.33,7.2,TypeB
496,Laptop,Office Supplies,South,606.88,2,0.05,15-02-2024,303.44,86,1015,455.63,2,Customer_2,606.88,100.44,32.6,TypeB
497,Smartphone,Office Supplies,West,1955.57,1,0.28,16-02-2024,1955.57,7,1075,363.85,13,Customer_13,1955.57,208.78,18,TypeD
498,Printer,Office Supplies,North,880.97,5,0.29,17-02-2024,176.194,14,1037,271.36,45,Customer_45,880.97,187.16,15.7,TypeA
499,Smartphone,Electronics,East,162.8,5,0.27,18-02-2024,32.56,79,1097,436.28,15,Customer_15,162.8,364.73,-5,TypeC
500,Monitor,Office Supplies,East,755.64,7,0.11,19-02-2024,,7,1013,74.02,20,Customer_20,755.64,353.48,-9.2,TypeA
501,Monitor,Office Supplies,East,1801.95,1,0.1,01-01-2024,1801.95,9,1035,397.35,29,Customer_29,1801.95,337.38,38.2,TypeB
502,Printer,Office Supplies,North,1003.2,3,0.1,02-01-2024,334.4,48,1096,71.16,42,Customer_42,1003.2,106.5,8.8,TypeD
503,Tablet,Electronics,East,1170.22,2,0.22,03-01-2024,585.11,72,1022,399.16,29,Customer_29,1170.22,391.51,20.2,TypeA
504,Printer,Office Supplies,North,1421.48,5,0.27,04-01-2024,284.296,59,1065,145.13,3,Customer_3,1421.48,229.41,-6,TypeA
505,Printer,Office Supplies,South,364.73,6,0.27,05-01-2024,60.78833333,87,1084,439.77,19,Customer_19,364.73,366.02,24.2,TypeB
506,Smartphone,Accessories,East,1248.39,,0.23,06-01-2024,178.3414286,93,1001,472.58,3,Customer_3,1248.39,322.63,36.6,TypeB
507,Tablet,Electronics,South,1125.7,4,0.19,07-01-2024,281.425,82,1090,82.91,14,Customer_14,1125.7,237.09,18.8,TypeA
508,Tablet,Accessories,North,485.82,7,0.03,08-01-2024,69.40285714,95,1072,236.71,40,Customer_40,485.82,153.83,-3.7,TypeB
509,Tablet,Accessories,West,1891.42,8,0.05,09-01-2024,236.4275,94,1064,490.68,4,Customer_4,1891.42,137.77,19.1,TypeB
510,Printer,Accessories,East,1237.84,1,0.27,10-01-2024,1237.84,39,1074,246.87,11,Customer_11,1237.84,432.61,28.3,TypeB
511,Monitor,Accessories,North,1420.09,6,0.18,11-01-2024,236.6816667,99,1066,433.14,31,Customer_31,1420.09,467.36,10.3,TypeB
512,Tablet,Accessories,West,1772.89,8,0,12-01-2024,221.61125,18,1051,298.48,43,Customer_43,1772.89,359.92,34,TypeB
513,Printer,Accessories,West,1286.27,5,0.03,13-01-2024,257.254,59,1061,193.91,32,Customer_32,1286.27,141.37,22.4,TypeD
514,Smartphone,Accessories,South,661.7,4,0.2,14-01-2024,,17,1022,150.03,27,Customer_27,661.7,260.81,35,TypeB
515,Monitor,Electronics,North,300.44,2,0,15-01-2024,150.22,14,1025,109.58,30,Customer_30,300.44,391.58,21.2,TypeC
516,Smartphone,Office Supplies,West,967.42,,0.05,16-01-2024,161.2366667,31,1067,383.28,43,Customer_43,967.42,411.93,-3.4,TypeA
517,Monitor,Accessories,East,515.04,6,0.16,17-01-2024,85.84,24,1081,199.4,2,Customer_2,515.04,147.29,5.5,TypeD
518,Printer,Accessories,East,891.37,1,0.21,18-01-2024,891.37,99,1054,260.52,49,Customer_49,891.37,100.01,0.1,TypeD
519,Laptop,Accessories,South,1778.23,9,0.2,19-01-2024,197.5811111,60,1005,251.24,9,Customer_9,1778.23,384.85,35.4,TypeB
520,Monitor,Accessories,West,716.26,6,0.07,20-01-2024,119.3766667,45,1034,292.87,28,Customer_28,716.26,242.64,28,TypeA
521,Smartphone,Accessories,North,331.97,3,0.21,21-01-2024,110.6566667,98,1021,434.13,31,Customer_31,331.97,201.79,23.8,TypeC
522,Printer,Accessories,East,776.97,4,0.07,22-01-2024,,3,1042,490.56,34,Customer_34,776.97,105.16,5,TypeB
523,Monitor,Office Supplies,West,1822.97,4,0.1,23-01-2024,455.7425,37,1014,209.72,15,Customer_15,1822.97,316.12,-0.8,TypeA
524,Laptop,Office Supplies,West,617.05,3,0.22,24-01-2024,205.6833333,43,1085,415.48,48,Customer_48,617.05,440.46,27.8,TypeB
525,Laptop,Accessories,South,1330.61,3,0.19,25-01-2024,443.5366667,40,1059,384.62,25,Customer_25,1330.61,483.05,13.7,TypeB
526,Tablet,Office Supplies,East,100.99,3,0.25,26-01-2024,33.66333333,90,1011,291.03,36,Customer_36,100.99,326.3,1.3,TypeB
527,Tablet,Electronics,East,769.88,4,0.2,27-01-2024,192.47,55,1048,478.46,8,Customer_8,769.88,305.78,20.8,TypeB
528,Smartphone,Accessories,North,679.08,7,0.17,28-01-2024,,87,1041,108.23,9,Customer_9,679.08,134.02,-8,TypeB
529,Monitor,Electronics,East,412.85,4,0.03,29-01-2024,103.2125,39,1037,63.54,37,Customer_37,412.85,319.55,6.3,TypeB
530,Monitor,Electronics,North,1114.77,9,0.11,30-01-2024,123.8633333,15,1081,428.44,48,Customer_48,1114.77,251.99,13.4,TypeB
531,Tablet,Accessories,East,1021.18,1,0.08,31-01-2024,1021.18,4,1044,225.18,45,Customer_45,1021.18,342.85,-2.6,TypeC
532,Monitor,Office Supplies,South,1415.63,8,0.07,01-02-2024,176.95375,93,1034,425.01,39,Customer_39,1415.63,255.49,39.2,TypeD
533,Monitor,Electronics,East,611.88,7,0.29,02-02-2024,87.41142857,86,1029,447.61,32,Customer_32,611.88,196.12,0.5,TypeC
534,Laptop,Accessories,North,563.84,2,0.12,03-02-2024,281.92,25,1087,40.6,17,Customer_17,563.84,137.99,-3.5,TypeB
535,Tablet,Electronics,North,419.75,8,0.27,04-02-2024,52.46875,13,1029,442.9,35,Customer_35,419.75,225.97,0.2,TypeB
536,Printer,Electronics,South,515.65,1,0.19,05-02-2024,515.65,82,1077,229.68,37,Customer_37,515.65,138.66,28.5,TypeC
537,Tablet,Electronics,East,1160.39,9,0.24,06-02-2024,128.9322222,33,1005,260.11,19,Customer_19,1160.39,170.76,11.3,TypeC
538,Printer,Electronics,East,867.29,9,0.15,07-02-2024,96.36555556,16,1066,317.03,44,Customer_44,867.29,494.93,18.3,TypeD
539,Laptop,Office Supplies,South,223.3,2,0.17,08-02-2024,111.65,42,1079,463.93,29,Customer_29,223.3,277.64,-8.9,TypeC
540,Smartphone,Electronics,East,582.44,7,0.15,09-02-2024,83.20571429,66,1006,19.37,7,Customer_7,582.44,312.75,-8.3,TypeD
541,Monitor,Electronics,East,569.06,3,0.06,10-02-2024,189.6866667,55,1051,243.65,28,Customer_28,569.06,449.45,12.3,TypeB
542,Laptop,Electronics,North,1422.98,7,0.22,11-02-2024,203.2828571,99,1013,346.98,9,Customer_9,1422.98,498.23,30.8,TypeA
543,Monitor,Office Supplies,East,1453.31,9,0.08,12-02-2024,161.4788889,42,1072,364.13,28,Customer_28,1453.31,333.09,34.3,TypeA
544,Smartphone,Electronics,East,381.37,4,0.01,13-02-2024,95.3425,34,1014,349.34,6,Customer_6,381.37,424.99,-5.7,TypeA
545,Smartphone,Electronics,South,1995.71,1,0.19,14-02-2024,1995.71,30,1020,75.87,29,Customer_29,1995.71,230.78,16.9,TypeA
546,Laptop,Office Supplies,South,606.88,2,0.05,15-02-2024,303.44,13,1034,156.7,17,Customer_17,606.88,222.3,35.7,TypeB
547,Smartphone,Office Supplies,West,1955.57,1,0.28,16-02-2024,1955.57,13,1065,185.77,16,Customer_16,1955.57,261.08,9.4,TypeA
548,Printer,Office Supplies,North,880.97,5,0.29,17-02-2024,176.194,18,1090,404.17,23,Customer_23,880.97,369,31.5,TypeC
549,Smartphone,Electronics,East,162.8,5,0.27,18-02-2024,32.56,32,1001,146.59,31,Customer_31,162.8,372.88,-3.3,TypeC
550,Monitor,Office Supplies,East,755.64,7,0.11,19-02-2024,,96,1034,113.25,3,Customer_3,755.64,226.1,36.8,TypeA
551,Monitor,Office Supplies,East,1801.95,1,0.1,01-01-2024,1801.95,99,1081,479.15,21,Customer_21,1801.95,153.28,27.6,TypeC
552,Printer,Office Supplies,North,1003.2,3,0.1,02-01-2024,334.4,39,1077,14.34,26,Customer_26,1003.2,352.96,37.1,TypeD
553,Tablet,Electronics,East,1170.22,2,0.22,03-01-2024,585.11,46,1019,498.93,36,Customer_36,1170.22,151.33,23.8,TypeB
554,Printer,Office Supplies,North,1421.48,5,0.27,04-01-2024,284.296,29,1081,341.64,42,Customer_42,1421.48,331.4,8.2,TypeA
555,Printer,Office Supplies,South,364.73,6,0.27,05-01-2024,60.78833333,62,1009,415.95,37,Customer_37,364.73,377.37,36.9,TypeA
556,Smartphone,Accessories,East,1248.39,7,0.23,06-01-2024,178.3414286,93,1024,154.36,22,Customer_22,1248.39,380.24,3.8,TypeB
557,Tablet,Electronics,South,1125.7,4,0.19,07-01-2024,281.425,62,1065,17.01,42,Customer_42,1125.7,401.39,6.6,TypeC
558,Tablet,Accessories,North,485.82,7,0.03,08-01-2024,69.40285714,57,1024,371.56,12,Customer_12,485.82,449.14,25,TypeB
559,Tablet,Accessories,West,1891.42,8,0.05,09-01-2024,236.4275,16,1053,418.73,42,Customer_42,1891.42,299.98,28.3,TypeB
560,Printer,Accessories,East,1237.84,1,0.27,10-01-2024,1237.84,56,1032,372.83,13,Customer_13,1237.84,392.1,36.5,TypeC
561,Monitor,Accessories,North,1420.09,6,0.18,11-01-2024,236.6816667,10,1035,80,11,Customer_11,1420.09,347.67,0.2,TypeB
562,Tablet,Accessories,West,1772.89,8,0,12-01-2024,221.61125,30,1094,379.18,16,Customer_16,1772.89,174.66,29.9,TypeC
563,Printer,Accessories,West,1286.27,5,0.03,13-01-2024,257.254,25,1013,386.77,8,Customer_8,1286.27,110.28,26.9,TypeC
564,Smartphone,Accessories,South,661.7,4,0.2,14-01-2024,165.425,84,1064,332.68,40,Customer_40,661.7,213.82,-6.8,TypeB
565,Monitor,Electronics,North,300.44,2,0,15-01-2024,150.22,5,1079,385.4,40,Customer_40,300.44,277.21,9.4,TypeD
566,Smartphone,Office Supplies,West,967.42,6,0.05,16-01-2024,161.2366667,65,1053,424.5,45,Customer_45,967.42,346.84,4.1,TypeC
567,Monitor,Accessories,East,515.04,6,0.16,17-01-2024,85.84,94,1051,310.67,2,Customer_2,515.04,439.98,5.2,TypeB
568,Printer,Accessories,East,891.37,1,0.21,18-01-2024,891.37,49,1002,53.42,30,Customer_30,891.37,178.5,39.1,TypeC
569,Laptop,Accessories,South,1778.23,9,0.2,19-01-2024,197.5811111,3,1098,248.94,30,Customer_30,1778.23,150.22,22.1,TypeD
570,Monitor,Accessories,West,716.26,6,0.07,20-01-2024,119.3766667,45,1040,48.05,12,Customer_12,716.26,485.39,25.9,TypeD
571,Smartphone,Accessories,North,331.97,3,0.21,21-01-2024,110.6566667,14,1005,209.7,10,Customer_10,331.97,143.22,38.8,TypeA
572,Printer,Accessories,East,776.97,4,0.07,22-01-2024,194.2425,30,1024,209.48,44,Customer_44,776.97,291.4,8.9,TypeC
573,Monitor,Office Supplies,West,1822.97,4,0.1,23-01-2024,455.7425,68,1012,42.34,11,Customer_11,1822.97,334.23,30.1,TypeC
574,Laptop,Office Supplies,West,617.05,3,0.22,24-01-2024,205.6833333,18,1097,180.92,15,Customer_15,617.05,316.55,11.7,TypeB
575,Laptop,Accessories,South,1330.61,3,0.19,25-01-2024,443.5366667,62,1007,64.39,16,Customer_16,1330.61,134.41,33.5,TypeC
576,Tablet,Office Supplies,East,100.99,3,0.25,26-01-2024,33.66333333,37,1020,406.04,17,Customer_17,100.99,122.81,-1,TypeA
577,Tablet,Electronics,East,769.88,4,0.2,27-01-2024,192.47,25,1097,474.37,26,Customer_26,769.88,142.19,37.4,TypeD
578,Smartphone,Accessories,North,679.08,7,0.17,28-01-2024,97.01142857,48,1067,45.44,2,Customer_2,679.08,334.24,0.9,TypeD
579,Monitor,Electronics,East,412.85,4,0.03,29-01-2024,103.2125,65,1024,478.01,50,Customer_50,412.85,317.74,6.3,TypeA
580,Monitor,Electronics,North,1114.77,9,0.11,30-01-2024,123.8633333,53,1078,266.06,12,Customer_12,1114.77,193.5,27.8,TypeC
581,Tablet,Accessories,East,1021.18,1,0.08,31-01-2024,1021.18,79,1067,156.79,26,Customer_26,1021.18,355.11,9.7,TypeC
582,Monitor,Office Supplies,South,1415.63,8,0.07,01-02-2024,176.95375,73,1044,47.66,23,Customer_23,1415.63,428.03,20.4,TypeA
583,Monitor,Electronics,East,611.88,7,0.29,02-02-2024,87.41142857,15,1059,255.31,18,Customer_18,611.88,116.63,12.2,TypeB
584,Laptop,Accessories,North,563.84,2,0.12,03-02-2024,281.92,49,1011,399.31,32,Customer_32,563.84,299.25,27.1,TypeD
585,Tablet,Electronics,North,419.75,8,0.27,04-02-2024,,88,1031,356.47,49,Customer_49,419.75,375.72,1.4,TypeA
586,Printer,Electronics,South,515.65,1,0.19,05-02-2024,515.65,68,1095,34.61,38,Customer_38,515.65,200.92,-7.1,TypeA
587,Tablet,Electronics,East,1160.39,9,0.24,06-02-2024,128.9322222,12,1091,45.72,47,Customer_47,1160.39,223.11,5,TypeC
588,Printer,Electronics,East,867.29,9,0.15,07-02-2024,96.36555556,59,1012,207.41,3,Customer_3,867.29,345.46,13.7,TypeD
589,Laptop,Office Supplies,South,223.3,2,0.17,08-02-2024,111.65,37,1030,154.69,38,Customer_38,223.3,459.17,-1.6,TypeC
590,Smartphone,Electronics,East,582.44,7,0.15,09-02-2024,83.20571429,61,1077,123.87,3,Customer_3,582.44,423.97,7.7,TypeA
591,Monitor,Electronics,East,569.06,3,0.06,10-02-2024,189.6866667,43,1019,147.69,30,Customer_30,569.06,333.25,10,TypeB
592,Laptop,Electronics,North,1422.98,7,0.22,11-02-2024,203.2828571,70,1017,403.71,1,Customer_1,1422.98,392.09,-7.1,TypeD
593,Monitor,Office Supplies,East,1453.31,9,0.08,12-02-2024,161.4788889,39,1092,465.32,30,Customer_30,1453.31,245.93,19.2,TypeA
594,Smartphone,Electronics,East,381.37,4,0.01,13-02-2024,95.3425,56,1059,208.5,45,Customer_45,381.37,356.39,34.2,TypeA
595,Smartphone,Electronics,South,1995.71,1,0.19,14-02-2024,1995.71,63,1062,453.99,32,Customer_32,1995.71,286.47,-2.4,TypeB
596,Laptop,Office Supplies,South,606.88,2,0.05,15-02-2024,303.44,46,1005,167.53,28,Customer_28,606.88,175.97,19.9,TypeA
597,Smartphone,Office Supplies,West,1955.57,1,0.28,16-02-2024,1955.57,88,1031,243.45,21,Customer_21,1955.57,380.7,23.2,TypeA
598,Printer,Office Supplies,North,880.97,5,0.29,17-02-2024,176.194,11,1092,120.75,46,Customer_46,880.97,322.59,11,TypeD
599,Smartphone,Electronics,East,162.8,5,0.27,18-02-2024,32.56,62,1042,323.83,13,Customer_13,162.8,243.45,25.1,TypeD
600,Monitor,Office Supplies,East,755.64,7,0.11,19-02-2024,107.9485714,77,1001,489.7,27,Customer_27,755.64,464.54,10.5,TypeD
601,Monitor,Office Supplies,East,1801.95,1,0.1,01-01-2024,1801.95,98,1059,305.71,36,Customer_36,1801.95,108.37,15.2,TypeC
602,Printer,Office Supplies,North,1003.2,3,0.1,02-01-2024,,25,1022,185.33,7,Customer_7,1003.2,226.31,-9.6,TypeB
603,Tablet,Electronics,East,1170.22,2,0.22,03-01-2024,585.11,71,1082,327.43,22,Customer_22,1170.22,122.75,24.6,TypeD
604,Printer,Office Supplies,North,1421.48,5,0.27,04-01-2024,284.296,52,1030,70.23,10,Customer_10,1421.48,406.61,23.1,TypeC
605,Printer,Office Supplies,South,364.73,6,0.27,05-01-2024,60.78833333,4,1004,445.44,39,Customer_39,364.73,380.84,-8.1,TypeC
606,Smartphone,Accessories,East,1248.39,7,0.23,06-01-2024,178.3414286,59,1082,256.51,15,Customer_15,1248.39,232.54,8.4,TypeB
607,Tablet,Electronics,South,1125.7,4,0.19,07-01-2024,281.425,72,1033,230.18,15,Customer_15,1125.7,370.27,39,TypeB
608,Tablet,Accessories,North,485.82,7,0.03,08-01-2024,69.40285714,20,1009,297.07,4,Customer_4,485.82,258.37,11,TypeA
609,Tablet,Accessories,West,1891.42,8,0.05,09-01-2024,236.4275,93,1088,316.14,32,Customer_32,1891.42,402.5,15.1,TypeC
610,Printer,Accessories,East,1237.84,1,0.27,10-01-2024,1237.84,63,1001,45.17,23,Customer_23,1237.84,281.67,35.5,TypeD
611,Monitor,Accessories,North,1420.09,6,0.18,11-01-2024,236.6816667,54,1010,344.48,6,Customer_6,1420.09,264.91,25.9,TypeB
612,Tablet,Accessories,West,1772.89,8,0,12-01-2024,221.61125,74,1049,128.55,24,Customer_24,1772.89,473.89,19.1,TypeC
613,Printer,Accessories,West,1286.27,5,0.03,13-01-2024,257.254,98,1030,359.84,20,Customer_20,1286.27,200.35,29.9,TypeD
614,Smartphone,Accessories,South,661.7,4,0.2,14-01-2024,165.425,57,1055,413.04,37,Customer_37,661.7,148.18,33.2,TypeC
615,Monitor,Electronics,North,300.44,2,0,15-01-2024,150.22,90,1078,403.94,20,Customer_20,300.44,333.82,12.8,TypeB
616,Smartphone,Office Supplies,West,967.42,6,0.05,16-01-2024,161.2366667,41,1072,280.73,12,Customer_12,967.42,487.73,13.8,TypeA
617,Monitor,Accessories,East,515.04,6,0.16,17-01-2024,85.84,3,1086,264.88,33,Customer_33,515.04,251.14,9.3,TypeC
618,Printer,Accessories,East,891.37,1,0.21,18-01-2024,891.37,6,1082,80.01,28,Customer_28,891.37,124.81,38.3,TypeD
619,Laptop,Accessories,South,1778.23,9,0.2,19-01-2024,197.5811111,5,1008,389.92,8,Customer_8,1778.23,235.72,24.9,TypeB
620,Monitor,Accessories,West,716.26,6,0.07,20-01-2024,119.3766667,5,1098,142.99,1,Customer_1,716.26,302.37,-5.8,TypeA
621,Smartphone,Accessories,North,331.97,3,0.21,21-01-2024,110.6566667,54,1020,253.38,37,Customer_37,331.97,164.77,33.1,TypeD
622,Printer,Accessories,East,776.97,4,0.07,22-01-2024,,47,1072,149.29,22,Customer_22,776.97,363.24,14,TypeD
623,Monitor,Office Supplies,West,1822.97,4,0.1,23-01-2024,455.7425,87,1027,75.58,6,Customer_6,1822.97,499.1,-6.6,TypeD
624,Laptop,Office Supplies,West,617.05,3,0.22,24-01-2024,205.6833333,49,1061,318.48,21,Customer_21,617.05,280.7,17.5,TypeC
625,Laptop,Accessories,South,1330.61,3,0.19,25-01-2024,443.5366667,9,1006,36.62,32,Customer_32,1330.61,241.89,10.9,TypeB
626,Tablet,Office Supplies,East,100.99,3,0.25,26-01-2024,33.66333333,99,1079,376.84,35,Customer_35,100.99,260.28,33.9,TypeD
627,Tablet,Electronics,East,769.88,4,0.2,27-01-2024,,20,1015,165.62,15,Customer_15,769.88,146.06,0.2,TypeC
628,Smartphone,Accessories,North,679.08,7,0.17,28-01-2024,97.01142857,61,1096,10.07,5,Customer_5,679.08,453.31,31.3,TypeB
629,Monitor,Electronics,East,412.85,4,0.03,29-01-2024,103.2125,35,1003,260.45,46,Customer_46,412.85,265.93,17.9,TypeB
630,Monitor,Electronics,North,1114.77,9,0.11,30-01-2024,123.8633333,50,1003,32.96,50,Customer_50,1114.77,254.91,-7.3,TypeC
631,Tablet,Accessories,East,1021.18,1,0.08,31-01-2024,1021.18,82,1039,145.32,48,Customer_48,1021.18,363.88,38.6,TypeC
632,Monitor,Office Supplies,South,1415.63,8,0.07,01-02-2024,176.95375,62,1016,356.42,6,Customer_6,1415.63,276.81,15.6,TypeD
633,Monitor,Electronics,East,611.88,7,0.29,02-02-2024,87.41142857,17,1051,40.72,25,Customer_25,611.88,359.29,4.5,TypeB
634,Laptop,Accessories,North,563.84,2,0.12,03-02-2024,281.92,88,1092,421.28,46,Customer_46,563.84,124.58,13.5,TypeA
635,Tablet,Electronics,North,419.75,8,0.27,04-02-2024,52.46875,3,1051,11.87,40,Customer_40,419.75,425.49,32.9,TypeC
636,Printer,Electronics,South,515.65,1,0.19,05-02-2024,515.65,32,1035,130.94,29,Customer_29,515.65,476.2,5.2,TypeB
637,Tablet,Electronics,East,1160.39,9,0.24,06-02-2024,,99,1037,373.04,7,Customer_7,1160.39,359.51,-0.4,TypeB
638,Printer,Electronics,East,867.29,9,0.15,07-02-2024,96.36555556,13,1049,164.97,40,Customer_40,867.29,481.83,-3.5,TypeD
639,Laptop,Office Supplies,South,223.3,2,0.17,08-02-2024,111.65,89,1062,59.93,13,Customer_13,223.3,160.57,4.9,TypeA
640,Smartphone,Electronics,East,582.44,7,0.15,09-02-2024,83.20571429,73,1062,186.51,38,Customer_38,582.44,290.97,29,TypeD
641,Monitor,Electronics,East,569.06,3,0.06,10-02-2024,189.6866667,68,1061,142.49,18,Customer_18,569.06,340.72,13.6,TypeA
642,Laptop,Electronics,North,1422.98,7,0.22,11-02-2024,203.2828571,14,1098,422.93,2,Customer_2,1422.98,332.69,1.4,TypeA
643,Monitor,Office Supplies,East,1453.31,9,0.08,12-02-2024,161.4788889,98,1006,163.54,8,Customer_8,1453.31,260.58,-1.7,TypeC
644,Smartphone,Electronics,East,381.37,4,0.01,13-02-2024,95.3425,11,1026,396.58,11,Customer_11,381.37,235.23,6.6,TypeB
645,Smartphone,Electronics,South,1995.71,1,0.19,14-02-2024,1995.71,56,1091,447.02,33,Customer_33,1995.71,150.73,37,TypeB
646,Laptop,Office Supplies,South,606.88,2,0.05,15-02-2024,303.44,67,1085,222.57,38,Customer_38,606.88,256.7,7.2,TypeB
647,Smartphone,Office Supplies,West,1955.57,1,0.28,16-02-2024,1955.57,92,1013,455.87,48,Customer_48,1955.57,165.06,39.4,TypeA
648,Printer,Office Supplies,North,880.97,5,0.29,17-02-2024,176.194,29,1070,194.89,27,Customer_27,880.97,393.75,14.3,TypeB
649,Smartphone,Electronics,East,162.8,5,0.27,18-02-2024,32.56,9,1085,482.4,20,Customer_20,162.8,183.53,-1,TypeC
650,Monitor,Office Supplies,East,755.64,7,0.11,19-02-2024,107.9485714,67,1004,53.75,12,Customer_12,755.64,123.43,34.6,TypeA
651,Monitor,Office Supplies,East,1801.95,1,0.1,01-01-2024,1801.95,25,1054,346.64,43,Customer_43,1801.95,320.95,13,TypeA
652,Printer,Office Supplies,North,1003.2,3,0.1,02-01-2024,334.4,98,1001,251.97,31,Customer_31,1003.2,338.09,25.5,TypeA
653,Tablet,Electronics,East,1170.22,2,0.22,03-01-2024,585.11,76,1061,199.95,27,Customer_27,1170.22,448.77,39.2,TypeA
654,Printer,Office Supplies,North,1421.48,5,0.27,04-01-2024,284.296,42,1090,320.03,32,Customer_32,1421.48,330.79,-7.5,TypeC
655,Printer,Office Supplies,South,364.73,6,0.27,05-01-2024,60.78833333,9,1020,354.89,10,Customer_10,364.73,238.19,-5.2,TypeB
656,Smartphone,Accessories,East,1248.39,7,0.23,06-01-2024,178.3414286,79,1078,12.14,3,Customer_3,1248.39,421.2,26,TypeC
657,Tablet,Electronics,South,1125.7,4,0.19,07-01-2024,281.425,40,1020,91.81,45,Customer_45,1125.7,316.11,4.1,TypeB
658,Tablet,Accessories,North,485.82,7,0.03,08-01-2024,69.40285714,25,1009,359.39,27,Customer_27,485.82,131.71,-0.8,TypeC
659,Tablet,Accessories,West,1891.42,8,0.05,09-01-2024,236.4275,5,1086,336.53,35,Customer_35,1891.42,326.34,-8,TypeD
660,Printer,Accessories,East,1237.84,1,0.27,10-01-2024,1237.84,11,1057,483.36,31,Customer_31,1237.84,463.21,-8.9,TypeD
661,Monitor,Accessories,North,1420.09,6,0.18,11-01-2024,,59,1038,382.91,15,Customer_15,1420.09,258.53,28.7,TypeD
662,Tablet,Accessories,West,1772.89,8,0,12-01-2024,221.61125,98,1004,475.88,16,Customer_16,1772.89,218.53,-3.3,TypeD
663,Printer,Accessories,West,1286.27,5,0.03,13-01-2024,257.254,88,1064,354.24,13,Customer_13,1286.27,157.39,13.4,TypeA
664,Smartphone,Accessories,South,661.7,4,0.2,14-01-2024,165.425,79,1012,156.05,49,Customer_49,661.7,160.58,20.3,TypeA
665,Monitor,Electronics,North,300.44,2,0,15-01-2024,150.22,38,1084,61.63,35,Customer_35,300.44,273.11,11.4,TypeC
666,Smartphone,Office Supplies,West,967.42,6,0.05,16-01-2024,161.2366667,72,1089,393.09,11,Customer_11,967.42,338.27,-8.6,TypeC
667,Monitor,Accessories,East,515.04,6,0.16,17-01-2024,85.84,5,1084,325.63,21,Customer_21,515.04,132.25,29.2,TypeD
668,Printer,Accessories,East,891.37,1,0.21,18-01-2024,891.37,48,1052,33.61,11,Customer_11,891.37,475.83,-9.5,TypeB
669,Laptop,Accessories,South,1778.23,9,0.2,19-01-2024,197.5811111,90,1081,186.42,30,Customer_30,1778.23,402.05,28.1,TypeD
670,Monitor,Accessories,West,716.26,6,0.07,20-01-2024,119.3766667,18,1044,478.83,48,Customer_48,716.26,334.65,34.7,TypeC
671,Smartphone,Accessories,North,331.97,3,0.21,21-01-2024,110.6566667,70,1031,255.2,35,Customer_35,331.97,431.38,11.6,TypeD
672,Printer,Accessories,East,776.97,4,0.07,22-01-2024,194.2425,37,1035,222.04,22,Customer_22,776.97,132.07,16.8,TypeC
673,Monitor,Office Supplies,West,1822.97,4,0.1,23-01-2024,455.7425,60,1080,234.27,38,Customer_38,1822.97,290.74,13.8,TypeD
674,Laptop,Office Supplies,West,617.05,3,0.22,24-01-2024,205.6833333,48,1098,112.35,31,Customer_31,617.05,352.04,9.5,TypeB
675,Laptop,Accessories,South,1330.61,3,0.19,25-01-2024,443.5366667,77,1059,190.67,14,Customer_14,1330.61,431.46,34.4,TypeD
676,Tablet,Office Supplies,East,100.99,3,0.25,26-01-2024,33.66333333,28,1010,191.21,24,Customer_24,100.99,413.39,34.7,TypeB
677,Tablet,Electronics,East,769.88,4,0.2,27-01-2024,192.47,69,1062,35.65,50,Customer_50,769.88,210.83,6.8,TypeB
678,Smartphone,Accessories,North,679.08,7,0.17,28-01-2024,97.01142857,77,1020,386.11,49,Customer_49,679.08,476.35,20.8,TypeC
679,Monitor,Electronics,East,412.85,4,0.03,29-01-2024,,81,1051,214.09,32,Customer_32,412.85,149.74,36.3,TypeB
680,Monitor,Electronics,North,1114.77,9,0.11,30-01-2024,123.8633333,40,1054,412.87,36,Customer_36,1114.77,450.05,38.1,TypeA
681,Tablet,Accessories,East,1021.18,1,0.08,31-01-2024,1021.18,45,1025,426.67,32,Customer_32,1021.18,488.38,15.4,TypeA
682,Monitor,Office Supplies,South,1415.63,8,0.07,01-02-2024,176.95375,96,1067,113.88,15,Customer_15,1415.63,170.86,12.6,TypeA
683,Monitor,Electronics,East,611.88,7,0.29,02-02-2024,87.41142857,62,1033,332.1,43,Customer_43,611.88,388.83,3.9,TypeC
684,Laptop,Accessories,North,563.84,2,0.12,03-02-2024,281.92,93,1051,241.42,35,Customer_35,563.84,116.11,37.9,TypeA
685,Tablet,Electronics,North,419.75,8,0.27,04-02-2024,52.46875,58,1081,441.28,3,Customer_3,419.75,262.17,-2.9,TypeC
686,Printer,Electronics,South,515.65,1,0.19,05-02-2024,515.65,67,1098,115.71,16,Customer_16,515.65,306.51,19,TypeC
687,Tablet,Electronics,East,1160.39,9,0.24,06-02-2024,128.9322222,56,1092,342.13,5,Customer_5,1160.39,332.26,4.1,TypeA
688,Printer,Electronics,East,867.29,9,0.15,07-02-2024,,40,1051,307.8,21,Customer_21,867.29,474.37,4,TypeB
689,Laptop,Office Supplies,South,223.3,2,0.17,08-02-2024,111.65,98,1028,154.7,10,Customer_10,223.3,368.9,10.2,TypeD
690,Smartphone,Electronics,East,582.44,7,0.15,09-02-2024,83.20571429,40,1037,76.93,19,Customer_19,582.44,292.51,39.9,TypeC
691,Monitor,Electronics,East,569.06,3,0.06,10-02-2024,189.6866667,91,1041,329.3,25,Customer_25,569.06,423.87,-7.3,TypeA
692,Laptop,Electronics,North,1422.98,7,0.22,11-02-2024,203.2828571,77,1020,371.91,4,Customer_4,1422.98,480.21,18.9,TypeC
693,Monitor,Office Supplies,East,1453.31,9,0.08,12-02-2024,161.4788889,33,1041,164.66,29,Customer_29,1453.31,108.83,-5.9,TypeB
694,Smartphone,Electronics,East,381.37,4,0.01,13-02-2024,95.3425,6,1012,325.97,19,Customer_19,381.37,493.01,-2.3,TypeB
695,Smartphone,Electronics,South,1995.71,1,0.19,14-02-2024,1995.71,88,1063,203.61,43,Customer_43,1995.71,134.45,12,TypeA
696,Laptop,Office Supplies,South,606.88,2,0.05,15-02-2024,303.44,19,1016,359.47,2,Customer_2,606.88,425.75,15.5,TypeC
697,Smartphone,Office Supplies,West,1955.57,1,0.28,16-02-2024,1955.57,80,1008,107.62,10,Customer_10,1955.57,212.13,2.9,TypeD
698,Printer,Office Supplies,North,880.97,5,0.29,17-02-2024,176.194,40,1040,446.21,43,Customer_43,880.97,152.87,5.8,TypeD
699,Smartphone,Electronics,East,162.8,5,0.27,18-02-2024,32.56,92,1000,150.83,25,Customer_25,162.8,275.94,-5.7,TypeC
700,Monitor,Office Supplies,East,755.64,7,0.11,19-02-2024,107.9485714,97,1001,190.22,20,Customer_20,755.64,357.58,5.2,TypeC
701,Monitor,Office Supplies,East,1801.95,1,0.1,01-01-2024,1801.95,59,1059,38.47,48,Customer_48,1801.95,252.38,38.3,TypeC
702,Printer,Office Supplies,North,1003.2,3,0.1,02-01-2024,334.4,59,1047,64.64,19,Customer_19,1003.2,121.83,37.2,TypeA
703,Tablet,Electronics,East,1170.22,2,0.22,03-01-2024,585.11,48,1028,262.77,23,Customer_23,1170.22,339.78,6.7,TypeB
704,Printer,Office Supplies,North,1421.48,5,0.27,04-01-2024,284.296,41,1096,141.12,24,Customer_24,1421.48,460.96,18.5,TypeD
705,Printer,Office Supplies,South,364.73,6,0.27,05-01-2024,60.78833333,13,1009,419.39,11,Customer_11,364.73,253.29,35.5,TypeA
706,Smartphone,Accessories,East,1248.39,7,0.23,06-01-2024,178.3414286,45,1057,17.2,46,Customer_46,1248.39,186.53,-9.7,TypeC
707,Tablet,Electronics,South,1125.7,4,0.19,07-01-2024,281.425,89,1059,195.76,34,Customer_34,1125.7,277.03,30.5,TypeC
708,Tablet,Accessories,North,485.82,7,0.03,08-01-2024,69.40285714,53,1020,175.3,28,Customer_28,485.82,119.35,37.4,TypeB
709,Tablet,Accessories,West,1891.42,8,0.05,09-01-2024,236.4275,42,1027,19.47,5,Customer_5,1891.42,428.2,-5.4,TypeC
710,Printer,Accessories,East,1237.84,1,0.27,10-01-2024,1237.84,100,1074,70.94,5,Customer_5,1237.84,430.54,-1.9,TypeA
711,Monitor,Accessories,North,1420.09,6,0.18,11-01-2024,236.6816667,63,1033,212.68,21,Customer_21,1420.09,335.2,38,TypeA
712,Tablet,Accessories,West,1772.89,8,0,12-01-2024,221.61125,27,1007,251.5,12,Customer_12,1772.89,241.24,16.9,TypeB
713,Printer,Accessories,West,1286.27,5,0.03,13-01-2024,257.254,38,1058,208.1,50,Customer_50,1286.27,419.91,-9.3,TypeA
714,Smartphone,Accessories,South,661.7,4,0.2,14-01-2024,165.425,60,1085,270.16,4,Customer_4,661.7,321.87,2.9,TypeD
715,Monitor,Electronics,North,300.44,2,0,15-01-2024,150.22,7,1071,301.61,49,Customer_49,300.44,430.37,12.5,TypeA
716,Smartphone,Office Supplies,West,967.42,6,0.05,16-01-2024,161.2366667,5,1048,14.86,42,Customer_42,967.42,352.58,24.6,TypeA
717,Monitor,Accessories,East,515.04,6,0.16,17-01-2024,85.84,45,1078,237.41,20,Customer_20,515.04,413.76,26.7,TypeA
718,Printer,Accessories,East,891.37,1,0.21,18-01-2024,891.37,58,1016,482.11,38,Customer_38,891.37,339.43,39.8,TypeD
719,Laptop,Accessories,South,1778.23,9,0.2,19-01-2024,197.5811111,31,1059,264.33,25,Customer_25,1778.23,265.66,4.4,TypeC
720,Monitor,Accessories,West,716.26,6,0.07,20-01-2024,119.3766667,23,1086,342,14,Customer_14,716.26,483.18,16.9,TypeA
721,Smartphone,Accessories,North,331.97,3,0.21,21-01-2024,110.6566667,42,1087,162.81,11,Customer_11,331.97,316.45,16.7,TypeB
722,Printer,Accessories,East,776.97,4,0.07,22-01-2024,194.2425,10,1044,389.26,32,Customer_32,776.97,342.04,10.3,TypeD
723,Monitor,Office Supplies,West,1822.97,,0.1,23-01-2024,455.7425,32,1082,388.73,11,Customer_11,1822.97,188.2,-1.5,TypeB
724,Laptop,Office Supplies,West,617.05,3,0.22,24-01-2024,205.6833333,53,1068,265.44,18,Customer_18,617.05,350.26,38.9,TypeA
725,Laptop,Accessories,South,1330.61,3,0.19,25-01-2024,443.5366667,30,1031,488.25,27,Customer_27,1330.61,328.64,32.7,TypeB
726,Tablet,Office Supplies,East,100.99,3,0.25,26-01-2024,33.66333333,39,1043,71.52,18,Customer_18,100.99,173.94,14.9,TypeA
727,Tablet,Electronics,East,769.88,4,0.2,27-01-2024,192.47,31,1064,18.3,23,Customer_23,769.88,123.83,20.2,TypeD
728,Smartphone,Accessories,North,679.08,7,0.17,28-01-2024,97.01142857,82,1086,387.38,11,Customer_11,679.08,341.74,1.4,TypeB
729,Monitor,Electronics,East,412.85,4,0.03,29-01-2024,103.2125,100,1007,405.51,21,Customer_21,412.85,405.48,17.2,TypeB
730,Monitor,Electronics,North,1114.77,9,0.11,30-01-2024,123.8633333,2,1076,68.9,44,Customer_44,1114.77,309.36,24.7,TypeA
731,Tablet,Accessories,East,1021.18,1,0.08,31-01-2024,1021.18,78,1071,140.14,5,Customer_5,1021.18,190.71,15.8,TypeA
732,Monitor,Office Supplies,South,1415.63,8,0.07,01-02-2024,176.95375,77,1086,18.6,23,Customer_23,1415.63,366.61,39.5,TypeC
733,Monitor,Electronics,East,611.88,7,0.29,02-02-2024,87.41142857,93,1042,153.72,41,Customer_41,611.88,132.04,20.6,TypeA
734,Laptop,Accessories,North,563.84,2,0.12,03-02-2024,281.92,12,1000,388.84,25,Customer_25,563.84,276.73,8.5,TypeA
735,Tablet,Electronics,North,419.75,8,0.27,04-02-2024,52.46875,39,1050,263.8,41,Customer_41,419.75,165.35,28.6,TypeC
736,Printer,Electronics,South,515.65,1,0.19,05-02-2024,515.65,66,1023,180.57,10,Customer_10,515.65,173.78,-1.5,TypeA
737,Tablet,Electronics,East,1160.39,9,0.24,06-02-2024,128.9322222,96,1098,192.15,22,Customer_22,1160.39,180.92,9.2,TypeA
738,Printer,Electronics,East,867.29,9,0.15,07-02-2024,,13,1023,10.66,19,Customer_19,867.29,254.68,7.3,TypeC
739,Laptop,Office Supplies,South,223.3,2,0.17,08-02-2024,111.65,46,1016,156.9,1,Customer_1,223.3,120.46,11.6,TypeD
740,Smartphone,Electronics,East,582.44,7,0.15,09-02-2024,83.20571429,27,1004,326.76,7,Customer_7,582.44,259.12,29.1,TypeD
741,Monitor,Electronics,East,569.06,3,0.06,10-02-2024,,17,1019,487.36,4,Customer_4,569.06,304.68,14.2,TypeA
742,Laptop,Electronics,North,1422.98,7,0.22,11-02-2024,203.2828571,95,1020,425.06,1,Customer_1,1422.98,293.32,29.7,TypeA
743,Monitor,Office Supplies,East,1453.31,9,0.08,12-02-2024,161.4788889,98,1057,21.56,15,Customer_15,1453.31,253.11,18.8,TypeC
744,Smartphone,Electronics,East,381.37,4,0.01,13-02-2024,95.3425,60,1030,450.29,40,Customer_40,381.37,435.66,7.1,TypeC
745,Smartphone,Electronics,South,1995.71,1,0.19,14-02-2024,1995.71,64,1099,393.77,12,Customer_12,1995.71,158.13,30.5,TypeD
746,Laptop,Office Supplies,South,606.88,2,0.05,15-02-2024,303.44,88,1010,392.38,22,Customer_22,606.88,302.28,1.9,TypeB
747,Smartphone,Office Supplies,West,1955.57,1,0.28,16-02-2024,1955.57,35,1051,234.42,22,Customer_22,1955.57,124.82,1.2,TypeA
748,Printer,Office Supplies,North,880.97,5,0.29,17-02-2024,176.194,70,1014,205.02,50,Customer_50,880.97,128.46,15.2,TypeB
749,Smartphone,Electronics,East,162.8,5,0.27,18-02-2024,32.56,83,1082,158.43,47,Customer_47,162.8,329.55,3,TypeB
750,Monitor,Office Supplies,East,755.64,7,0.11,19-02-2024,107.9485714,30,1006,42.19,17,Customer_17,755.64,326.41,-9.5,TypeC
751,Monitor,Office Supplies,East,1801.95,1,0.1,01-01-2024,1801.95,71,1027,121.84,29,Customer_29,1801.95,451.21,22.4,TypeA
752,Printer,Office Supplies,North,1003.2,3,0.1,02-01-2024,334.4,74,1050,130.84,46,Customer_46,1003.2,323.15,15.6,TypeA
753,Tablet,Electronics,East,1170.22,2,0.22,03-01-2024,585.11,96,1057,247.2,14,Customer_14,1170.22,483.92,12.3,TypeC
754,Printer,Office Supplies,North,1421.48,5,0.27,04-01-2024,284.296,98,1004,376.25,50,Customer_50,1421.48,119.48,38.3,TypeB
755,Printer,Office Supplies,South,364.73,6,0.27,05-01-2024,60.78833333,63,1004,242.17,20,Customer_20,364.73,139.2,18.6,TypeC
756,Smartphone,Accessories,East,1248.39,7,0.23,06-01-2024,178.3414286,28,1093,38.34,50,Customer_50,1248.39,117.63,33.2,TypeD
757,Tablet,Electronics,South,1125.7,4,0.19,07-01-2024,281.425,60,1095,479.32,48,Customer_48,1125.7,174.11,-3,TypeA
758,Tablet,Accessories,North,485.82,7,0.03,08-01-2024,69.40285714,79,1007,471.93,33,Customer_33,485.82,316.51,18.5,TypeD
759,Tablet,Accessories,West,1891.42,8,0.05,09-01-2024,236.4275,94,1063,394.74,43,Customer_43,1891.42,358.23,33.4,TypeC
760,Printer,Accessories,East,1237.84,1,0.27,10-01-2024,1237.84,37,1009,495.75,15,Customer_15,1237.84,118.23,19.2,TypeA
761,Monitor,Accessories,North,1420.09,6,0.18,11-01-2024,236.6816667,93,1037,276.8,12,Customer_12,1420.09,478.39,25.9,TypeD
762,Tablet,Accessories,West,1772.89,8,0,12-01-2024,,22,1095,481.76,40,Customer_40,1772.89,436.87,8.6,TypeD
763,Printer,Accessories,West,1286.27,5,0.03,13-01-2024,257.254,68,1091,47.05,20,Customer_20,1286.27,218.64,-5.4,TypeB
764,Smartphone,Accessories,South,661.7,4,0.2,14-01-2024,165.425,20,1080,189.18,30,Customer_30,661.7,130.88,12.9,TypeA
765,Monitor,Electronics,North,300.44,,0,15-01-2024,150.22,96,1094,120.44,38,Customer_38,300.44,167.95,9.7,TypeD
766,Smartphone,Office Supplies,West,967.42,6,0.05,16-01-2024,161.2366667,100,1007,105.96,3,Customer_3,967.42,150.78,33.4,TypeD
767,Monitor,Accessories,East,515.04,6,0.16,17-01-2024,85.84,68,1024,78.99,28,Customer_28,515.04,149.31,2.2,TypeB
768,Printer,Accessories,East,891.37,1,0.21,18-01-2024,891.37,91,1072,314.98,26,Customer_26,891.37,307.42,38.3,TypeD
769,Laptop,Accessories,South,1778.23,9,0.2,19-01-2024,197.5811111,64,1065,392.85,30,Customer_30,1778.23,198.34,37.9,TypeD
770,Monitor,Accessories,West,716.26,6,0.07,20-01-2024,119.3766667,17,1078,293.37,13,Customer_13,716.26,243.26,2.4,TypeD
771,Smartphone,Accessories,North,331.97,3,0.21,21-01-2024,110.6566667,12,1049,82.01,13,Customer_13,331.97,495.8,7.4,TypeB
772,Printer,Accessories,East,776.97,4,0.07,22-01-2024,194.2425,22,1066,407.45,2,Customer_2,776.97,373.73,34.8,TypeD
773,Monitor,Office Supplies,West,1822.97,4,0.1,23-01-2024,455.7425,17,1048,321.62,37,Customer_37,1822.97,479.59,38.3,TypeD
774,Laptop,Office Supplies,West,617.05,,0.22,24-01-2024,205.6833333,10,1035,200.2,49,Customer_49,617.05,157.02,12.2,TypeA
775,Laptop,Accessories,South,1330.61,3,0.19,25-01-2024,443.5366667,65,1067,340.32,38,Customer_38,1330.61,252.86,6,TypeA
776,Tablet,Office Supplies,East,100.99,3,0.25,26-01-2024,33.66333333,22,1077,137.35,2,Customer_2,100.99,321.89,16.3,TypeB
777,Tablet,Electronics,East,769.88,4,0.2,27-01-2024,192.47,90,1040,179.14,36,Customer_36,769.88,130.7,24.4,TypeC
778,Smartphone,Accessories,North,679.08,7,0.17,28-01-2024,97.01142857,82,1088,459.57,26,Customer_26,679.08,101.67,3.7,TypeA
779,Monitor,Electronics,East,412.85,4,0.03,29-01-2024,103.2125,50,1061,152.35,11,Customer_11,412.85,368.17,26.8,TypeB
780,Monitor,Electronics,North,1114.77,9,0.11,30-01-2024,123.8633333,14,1009,240.29,8,Customer_8,1114.77,356.73,-7.4,TypeD
781,Tablet,Accessories,East,1021.18,1,0.08,31-01-2024,1021.18,64,1020,446.17,44,Customer_44,1021.18,264.32,-7.5,TypeD
782,Monitor,Office Supplies,South,1415.63,8,0.07,01-02-2024,176.95375,47,1035,356.78,40,Customer_40,1415.63,295.86,9.3,TypeB
783,Monitor,Electronics,East,611.88,7,0.29,02-02-2024,87.41142857,29,1011,40.48,43,Customer_43,611.88,266.18,7.7,TypeD
784,Laptop,Accessories,North,563.84,2,0.12,03-02-2024,281.92,76,1090,82.18,22,Customer_22,563.84,109.6,5.8,TypeD
785,Tablet,Electronics,North,419.75,,0.27,04-02-2024,52.46875,36,1001,13.84,20,Customer_20,419.75,234.15,14.6,TypeC
786,Printer,Electronics,South,515.65,1,0.19,05-02-2024,515.65,99,1012,319.15,8,Customer_8,515.65,170.83,6,TypeD
787,Tablet,Electronics,East,1160.39,9,0.24,06-02-2024,128.9322222,52,1052,229.36,29,Customer_29,1160.39,139.37,-0.4,TypeA
788,Printer,Electronics,East,867.29,9,0.15,07-02-2024,96.36555556,76,1031,75.79,40,Customer_40,867.29,482.69,5.5,TypeD
789,Laptop,Office Supplies,South,223.3,2,0.17,08-02-2024,111.65,7,1094,479.39,26,Customer_26,223.3,339.74,38.7,TypeB
790,Smartphone,Electronics,East,582.44,7,0.15,09-02-2024,83.20571429,29,1015,269.53,30,Customer_30,582.44,391.46,10.6,TypeC
791,Monitor,Electronics,East,569.06,3,0.06,10-02-2024,189.6866667,11,1031,128.53,17,Customer_17,569.06,226.15,12.2,TypeD
792,Laptop,Electronics,North,1422.98,7,0.22,11-02-2024,203.2828571,33,1031,255.3,20,Customer_20,1422.98,257.26,18.8,TypeB
793,Monitor,Office Supplies,East,1453.31,9,0.08,12-02-2024,161.4788889,6,1097,343.01,16,Customer_16,1453.31,194.77,39.2,TypeA
794,Smartphone,Electronics,East,381.37,,0.01,13-02-2024,95.3425,79,1010,47.36,46,Customer_46,381.37,138.79,2.1,TypeD
795,Smartphone,Electronics,South,1995.71,1,0.19,14-02-2024,1995.71,32,1009,144.6,43,Customer_43,1995.71,171.61,24.1,TypeC
796,Laptop,Office Supplies,South,606.88,2,0.05,15-02-2024,303.44,51,1014,405.41,7,Customer_7,606.88,419.01,25.8,TypeD
797,Smartphone,Office Supplies,West,1955.57,1,0.28,16-02-2024,1955.57,75,1016,235.24,16,Customer_16,1955.57,371.02,20.4,TypeB
798,Printer,Office Supplies,North,880.97,5,0.29,17-02-2024,176.194,58,1039,277.82,45,Customer_45,880.97,318.77,-5.6,TypeC
799,Smartphone,Electronics,East,162.8,5,0.27,18-02-2024,32.56,87,1017,222.08,47,Customer_47,162.8,290.04,23.8,TypeD
800,Monitor,Office Supplies,East,755.64,7,0.11,19-02-2024,107.9485714,26,1054,31.51,48,Customer_48,755.64,468.97,-6.8,TypeA
801,Monitor,Office Supplies,East,1801.95,,0.1,01-01-2024,1801.95,98,1072,91.22,27,Customer_27,1801.95,129.09,19.8,TypeC
802,Printer,Office Supplies,North,1003.2,3,0.1,02-01-2024,334.4,46,1024,228.32,23,Customer_23,1003.2,212.24,27,TypeA
803,Tablet,Electronics,East,1170.22,,0.22,03-01-2024,585.11,98,1058,112.5,24,Customer_24,1170.22,239.98,0.5,TypeB
804,Printer,Office Supplies,North,1421.48,5,0.27,04-01-2024,284.296,29,1077,34.49,9,Customer_9,1421.48,412.97,32.1,TypeD
805,Printer,Office Supplies,South,364.73,6,0.27,05-01-2024,60.78833333,4,1088,423.39,35,Customer_35,364.73,497.01,-8.5,TypeA
806,Smartphone,Accessories,East,1248.39,7,0.23,06-01-2024,178.3414286,81,1021,490.78,20,Customer_20,1248.39,196.27,32.2,TypeB
807,Tablet,Electronics,South,1125.7,4,0.19,07-01-2024,281.425,99,1029,398.64,37,Customer_37,1125.7,449.72,13,TypeD
808,Tablet,Accessories,North,485.82,7,0.03,08-01-2024,69.40285714,13,1083,428.35,42,Customer_42,485.82,432.25,0.9,TypeB
809,Tablet,Accessories,West,1891.42,8,0.05,09-01-2024,236.4275,39,1084,128.57,17,Customer_17,1891.42,189.86,-3.3,TypeA
810,Printer,Accessories,East,1237.84,1,0.27,10-01-2024,1237.84,15,1043,480.71,47,Customer_47,1237.84,259.73,37.7,TypeB
811,Monitor,Accessories,North,1420.09,6,0.18,11-01-2024,236.6816667,29,1031,106.49,31,Customer_31,1420.09,263.87,-6.4,TypeC
812,Tablet,Accessories,West,1772.89,8,0,12-01-2024,,29,1050,476.2,8,Customer_8,1772.89,491.29,0,TypeD
813,Printer,Accessories,West,1286.27,5,0.03,13-01-2024,257.254,75,1045,497.46,15,Customer_15,1286.27,172.36,7.4,TypeB
814,Smartphone,Accessories,South,661.7,4,0.2,14-01-2024,165.425,32,1020,358.74,31,Customer_31,661.7,419.66,21,TypeA
815,Monitor,Electronics,North,300.44,2,0,15-01-2024,150.22,2,1098,490.76,30,Customer_30,300.44,233.68,17.2,TypeD
816,Smartphone,Office Supplies,West,967.42,6,0.05,16-01-2024,161.2366667,47,1031,289.07,46,Customer_46,967.42,392.35,-3.7,TypeC
817,Monitor,Accessories,East,515.04,6,0.16,17-01-2024,85.84,78,1093,137.18,20,Customer_20,515.04,268,4.5,TypeD
818,Printer,Accessories,East,891.37,1,0.21,18-01-2024,891.37,84,1038,224.13,39,Customer_39,891.37,331.34,1.9,TypeC
819,Laptop,Accessories,South,1778.23,,0.2,19-01-2024,197.5811111,22,1011,300.84,12,Customer_12,1778.23,433.04,0.7,TypeD
820,Monitor,Accessories,West,716.26,6,0.07,20-01-2024,119.3766667,75,1046,45.81,49,Customer_49,716.26,421.67,10.6,TypeB
821,Smartphone,Accessories,North,331.97,3,0.21,21-01-2024,110.6566667,27,1017,314.95,17,Customer_17,331.97,446.57,25.2,TypeB
822,Printer,Accessories,East,776.97,4,0.07,22-01-2024,194.2425,67,1020,490.78,42,Customer_42,776.97,123.85,0.9,TypeA
823,Monitor,Office Supplies,West,1822.97,4,0.1,23-01-2024,455.7425,81,1012,103.15,30,Customer_30,1822.97,376.82,8.3,TypeC
824,Laptop,Office Supplies,West,617.05,3,0.22,24-01-2024,205.6833333,56,1020,398.37,29,Customer_29,617.05,155.99,9.5,TypeA
825,Laptop,Accessories,South,1330.61,3,0.19,25-01-2024,443.5366667,92,1007,454.87,19,Customer_19,1330.61,266.33,38.8,TypeB
826,Tablet,Office Supplies,East,100.99,3,0.25,26-01-2024,33.66333333,93,1045,472.41,46,Customer_46,100.99,319.44,37.7,TypeC
827,Tablet,Electronics,East,769.88,,0.2,27-01-2024,192.47,21,1006,480.47,11,Customer_11,769.88,261.1,30,TypeA
828,Smartphone,Accessories,North,679.08,7,0.17,28-01-2024,97.01142857,47,1022,265.52,34,Customer_34,679.08,307.84,2.1,TypeA
829,Monitor,Electronics,East,412.85,4,0.03,29-01-2024,103.2125,80,1095,488.88,50,Customer_50,412.85,498.61,-6.6,TypeA
830,Monitor,Electronics,North,1114.77,9,0.11,30-01-2024,123.8633333,59,1074,381.08,7,Customer_7,1114.77,154.09,5.8,TypeA
831,Tablet,Accessories,East,1021.18,1,0.08,31-01-2024,1021.18,84,1085,89.22,44,Customer_44,1021.18,370.18,3.3,TypeA
832,Monitor,Office Supplies,South,1415.63,8,0.07,01-02-2024,176.95375,6,1021,243.68,34,Customer_34,1415.63,258.4,15.3,TypeC
833,Monitor,Electronics,East,611.88,7,0.29,02-02-2024,87.41142857,19,1088,361.98,20,Customer_20,611.88,153.2,28.9,TypeA
834,Laptop,Accessories,North,563.84,2,0.12,03-02-2024,281.92,57,1021,131.2,50,Customer_50,563.84,163.49,32.9,TypeC
835,Tablet,Electronics,North,419.75,8,0.27,04-02-2024,52.46875,69,1091,323.9,38,Customer_38,419.75,479.71,32.2,TypeA
836,Printer,Electronics,South,515.65,1,0.19,05-02-2024,515.65,3,1028,336.63,24,Customer_24,515.65,451.84,8,TypeB
837,Tablet,Electronics,East,1160.39,9,0.24,06-02-2024,128.9322222,1,1012,89.72,10,Customer_10,1160.39,462.82,24.4,TypeB
838,Printer,Electronics,East,867.29,9,0.15,07-02-2024,,58,1081,286.89,32,Customer_32,867.29,496.61,5.6,TypeA
839,Laptop,Office Supplies,South,223.3,2,0.17,08-02-2024,111.65,38,1001,388.1,15,Customer_15,223.3,183.33,-7,TypeD
840,Smartphone,Electronics,East,582.44,7,0.15,09-02-2024,83.20571429,15,1028,254.46,37,Customer_37,582.44,242.18,25.1,TypeB
841,Monitor,Electronics,East,569.06,3,0.06,10-02-2024,189.6866667,34,1084,15.93,20,Customer_20,569.06,367.69,-9.5,TypeC
842,Laptop,Electronics,North,1422.98,7,0.22,11-02-2024,203.2828571,61,1078,14.43,3,Customer_3,1422.98,293.52,10.5,TypeA
843,Monitor,Office Supplies,East,1453.31,9,0.08,12-02-2024,161.4788889,35,1051,184.94,37,Customer_37,1453.31,267.36,6.5,TypeC
844,Smartphone,Electronics,East,381.37,4,0.01,13-02-2024,95.3425,64,1026,463.84,40,Customer_40,381.37,243.12,24.7,TypeD
845,Smartphone,Electronics,South,1995.71,1,0.19,14-02-2024,1995.71,25,1049,122.05,8,Customer_8,1995.71,337.51,28.3,TypeA
846,Laptop,Office Supplies,South,606.88,2,0.05,15-02-2024,303.44,24,1094,320.84,40,Customer_40,606.88,330.24,5.2,TypeB
847,Smartphone,Office Supplies,West,1955.57,1,0.28,16-02-2024,1955.57,12,1078,118.82,44,Customer_44,1955.57,164.58,30.6,TypeC
848,Printer,Office Supplies,North,880.97,5,0.29,17-02-2024,176.194,18,1022,167.62,23,Customer_23,880.97,288.7,4.7,TypeB
849,Smartphone,Electronics,East,162.8,5,0.27,18-02-2024,32.56,15,1087,425.54,40,Customer_40,162.8,321.39,12.3,TypeB
850,Monitor,Office Supplies,East,755.64,7,0.11,19-02-2024,107.9485714,80,1043,367.14,11,Customer_11,755.64,328.11,26.4,TypeA
851,Monitor,Office Supplies,East,1801.95,1,0.1,01-01-2024,1801.95,27,1076,56.75,46,Customer_46,1801.95,184.04,24.6,TypeC
852,Printer,Office Supplies,North,1003.2,3,0.1,02-01-2024,334.4,72,1021,220.06,8,Customer_8,1003.2,396.91,39.4,TypeD
853,Tablet,Electronics,East,1170.22,2,0.22,03-01-2024,585.11,60,1042,24.29,29,Customer_29,1170.22,110.08,1.3,TypeB
854,Printer,Office Supplies,North,1421.48,5,0.27,04-01-2024,284.296,46,1036,245.64,30,Customer_30,1421.48,241.93,23.1,TypeA
855,Printer,Office Supplies,South,364.73,6,0.27,05-01-2024,60.78833333,89,1060,334.59,10,Customer_10,364.73,412.09,20.5,TypeA
856,Smartphone,Accessories,East,1248.39,7,0.23,06-01-2024,178.3414286,17,1096,68.07,39,Customer_39,1248.39,325.56,35.8,TypeD
857,Tablet,Electronics,South,1125.7,4,0.19,07-01-2024,281.425,93,1055,151.55,28,Customer_28,1125.7,204.46,-2.2,TypeA
858,Tablet,Accessories,North,485.82,7,0.03,08-01-2024,69.40285714,53,1002,204.94,49,Customer_49,485.82,377.98,27.6,TypeB
859,Tablet,Accessories,West,1891.42,8,0.05,09-01-2024,236.4275,8,1062,460.57,36,Customer_36,1891.42,326.96,18.4,TypeA
860,Printer,Accessories,East,1237.84,1,0.27,10-01-2024,,79,1018,496.69,13,Customer_13,1237.84,418.5,3.7,TypeC
861,Monitor,Accessories,North,1420.09,6,0.18,11-01-2024,236.6816667,27,1022,32.01,32,Customer_32,1420.09,394.01,13.7,TypeC
862,Tablet,Accessories,West,1772.89,8,0,12-01-2024,221.61125,46,1028,382.89,36,Customer_36,1772.89,344.04,6.7,TypeB
863,Printer,Accessories,West,1286.27,5,0.03,13-01-2024,257.254,50,1029,192.14,37,Customer_37,1286.27,295.27,19,TypeC
864,Smartphone,Accessories,South,661.7,4,0.2,14-01-2024,165.425,71,1038,202.3,26,Customer_26,661.7,153.27,34.5,TypeD
865,Monitor,Electronics,North,300.44,2,0,15-01-2024,150.22,3,1024,379.59,22,Customer_22,300.44,204.53,18.5,TypeA
866,Smartphone,Office Supplies,West,967.42,6,0.05,16-01-2024,161.2366667,93,1007,460.03,4,Customer_4,967.42,267.64,21.6,TypeB
867,Monitor,Accessories,East,515.04,6,0.16,17-01-2024,85.84,64,1057,475.96,31,Customer_31,515.04,339.72,15.9,TypeD
868,Printer,Accessories,East,891.37,1,0.21,18-01-2024,891.37,44,1015,292.79,18,Customer_18,891.37,305.48,-7.4,TypeA
869,Laptop,Accessories,South,1778.23,9,0.2,19-01-2024,197.5811111,53,1071,184.99,38,Customer_38,1778.23,215.27,1.6,TypeD
870,Monitor,Accessories,West,716.26,6,0.07,20-01-2024,119.3766667,24,1000,395.9,24,Customer_24,716.26,102.59,14.6,TypeB
871,Smartphone,Accessories,North,331.97,3,0.21,21-01-2024,110.6566667,60,1004,132.99,23,Customer_23,331.97,298.5,5.5,TypeB
872,Printer,Accessories,East,776.97,4,0.07,22-01-2024,194.2425,3,1002,286.4,22,Customer_22,776.97,214.25,-0.9,TypeD
873,Monitor,Office Supplies,West,1822.97,4,0.1,23-01-2024,455.7425,20,1064,185.7,2,Customer_2,1822.97,393.84,15.2,TypeA
874,Laptop,Office Supplies,West,617.05,3,0.22,24-01-2024,205.6833333,46,1003,331.75,31,Customer_31,617.05,109.58,6.1,TypeC
875,Laptop,Accessories,South,1330.61,3,0.19,25-01-2024,443.5366667,15,1098,127.8,11,Customer_11,1330.61,333.93,2.9,TypeC
876,Tablet,Office Supplies,East,100.99,3,0.25,26-01-2024,33.66333333,25,1095,103.88,28,Customer_28,100.99,476.59,13.2,TypeD
877,Tablet,Electronics,East,769.88,4,0.2,27-01-2024,192.47,94,1063,459.94,46,Customer_46,769.88,169.76,-3.3,TypeB
878,Smartphone,Accessories,North,679.08,7,0.17,28-01-2024,97.01142857,78,1097,59.88,32,Customer_32,679.08,288.66,36.4,TypeA
879,Monitor,Electronics,East,412.85,4,0.03,29-01-2024,103.2125,71,1088,257.92,5,Customer_5,412.85,136.57,33.4,TypeA
880,Monitor,Electronics,North,1114.77,9,0.11,30-01-2024,123.8633333,17,1009,118.22,38,Customer_38,1114.77,350.27,25.4,TypeB
881,Tablet,Accessories,East,1021.18,1,0.08,31-01-2024,1021.18,84,1020,29.08,10,Customer_10,1021.18,320.21,-4.7,TypeC
882,Monitor,Office Supplies,South,1415.63,8,0.07,01-02-2024,176.95375,100,1045,27.65,40,Customer_40,1415.63,262.95,28.8,TypeA
883,Monitor,Electronics,East,611.88,7,0.29,02-02-2024,87.41142857,9,1090,95.86,46,Customer_46,611.88,308.55,30.4,TypeD
884,Laptop,Accessories,North,563.84,2,0.12,03-02-2024,,38,1026,434.72,24,Customer_24,563.84,458.63,28.4,TypeC
885,Tablet,Electronics,North,419.75,8,0.27,04-02-2024,52.46875,48,1065,148.41,35,Customer_35,419.75,178.52,-4.3,TypeD
886,Printer,Electronics,South,515.65,1,0.19,05-02-2024,515.65,60,1040,475.72,44,Customer_44,515.65,109.03,22.2,TypeC
887,Tablet,Electronics,East,1160.39,9,0.24,06-02-2024,128.9322222,63,1012,294.99,48,Customer_48,1160.39,444.67,31.7,TypeB
888,Printer,Electronics,East,867.29,9,0.15,07-02-2024,96.36555556,86,1008,223.94,23,Customer_23,867.29,330.85,18.9,TypeD
889,Laptop,Office Supplies,South,223.3,2,0.17,08-02-2024,111.65,2,1035,294.24,17,Customer_17,223.3,456.26,22.3,TypeD
890,Smartphone,Electronics,East,582.44,,0.15,09-02-2024,83.20571429,88,1085,263.18,1,Customer_1,582.44,338.78,12.9,TypeB
891,Monitor,Electronics,East,569.06,3,0.06,10-02-2024,189.6866667,72,1089,381.8,31,Customer_31,569.06,424.06,16.4,TypeD
892,Laptop,Electronics,North,1422.98,7,0.22,11-02-2024,203.2828571,11,1057,148.42,31,Customer_31,1422.98,271.87,-8.3,TypeC
893,Monitor,Office Supplies,East,1453.31,9,0.08,12-02-2024,161.4788889,64,1053,182.99,42,Customer_42,1453.31,399.94,21.9,TypeA
894,Smartphone,Electronics,East,381.37,4,0.01,13-02-2024,95.3425,77,1011,448.11,42,Customer_42,381.37,465.22,-5.9,TypeA
895,Smartphone,Electronics,South,1995.71,1,0.19,14-02-2024,1995.71,81,1080,473.76,34,Customer_34,1995.71,328.85,11.8,TypeB
896,Laptop,Office Supplies,South,606.88,2,0.05,15-02-2024,303.44,72,1077,447.35,9,Customer_9,606.88,172.31,4.6,TypeC
897,Smartphone,Office Supplies,West,1955.57,1,0.28,16-02-2024,1955.57,21,1013,215.53,22,Customer_22,1955.57,207.52,17.3,TypeD
898,Printer,Office Supplies,North,880.97,5,0.29,17-02-2024,176.194,18,1033,392.38,13,Customer_13,880.97,179.46,-3.3,TypeD
899,Smartphone,Electronics,East,162.8,5,0.27,18-02-2024,32.56,94,1052,243.4,25,Customer_25,162.8,198.74,24.6,TypeA
900,Monitor,Office Supplies,East,755.64,7,0.11,19-02-2024,,64,1019,253.79,48,Customer_48,755.64,222.57,29.8,TypeD
901,Monitor,Office Supplies,East,1801.95,1,0.1,01-01-2024,1801.95,82,1074,110.29,18,Customer_18,1801.95,322.05,-1.8,TypeA
902,Printer,Office Supplies,North,1003.2,3,0.1,02-01-2024,,95,1015,299.65,12,Customer_12,1003.2,335.2,-4.8,TypeB
903,Tablet,Electronics,East,1170.22,2,0.22,03-01-2024,,38,1094,101.21,40,Customer_40,1170.22,270.6,-2.7,TypeD
904,Printer,Office Supplies,North,1421.48,5,0.27,04-01-2024,284.296,32,1069,172.47,17,Customer_17,1421.48,346.17,33.9,TypeC
905,Printer,Office Supplies,South,364.73,6,0.27,05-01-2024,60.78833333,11,1055,428.96,15,Customer_15,364.73,132.63,16.4,TypeD
906,Smartphone,Accessories,East,1248.39,7,0.23,06-01-2024,178.3414286,45,1082,111.47,42,Customer_42,1248.39,135.12,13.4,TypeA
907,Tablet,Electronics,South,1125.7,4,0.19,07-01-2024,281.425,89,1057,44.87,15,Customer_15,1125.7,168.73,-4.7,TypeB
908,Tablet,Accessories,North,485.82,7,0.03,08-01-2024,69.40285714,33,1003,43.81,15,Customer_15,485.82,307.23,22.5,TypeA
909,Tablet,Accessories,West,1891.42,8,0.05,09-01-2024,236.4275,41,1003,470.98,39,Customer_39,1891.42,185.6,33.4,TypeD
910,Printer,Accessories,East,1237.84,1,0.27,10-01-2024,1237.84,8,1019,258.39,13,Customer_13,1237.84,213.31,31.4,TypeA
911,Monitor,Accessories,North,1420.09,6,0.18,11-01-2024,236.6816667,11,1009,210.61,17,Customer_17,1420.09,260.13,21.3,TypeA
912,Tablet,Accessories,West,1772.89,8,0,12-01-2024,221.61125,86,1023,407.33,32,Customer_32,1772.89,424.75,-6.2,TypeB
913,Printer,Accessories,West,1286.27,5,0.03,13-01-2024,257.254,51,1098,419.55,9,Customer_9,1286.27,105.54,-4.4,TypeC
914,Smartphone,Accessories,South,661.7,4,0.2,14-01-2024,165.425,88,1025,172.77,40,Customer_40,661.7,359.75,-7.5,TypeD
915,Monitor,Electronics,North,300.44,2,0,15-01-2024,150.22,41,1036,349.87,20,Customer_20,300.44,367.55,2.9,TypeB
916,Smartphone,Office Supplies,West,967.42,6,0.05,16-01-2024,161.2366667,17,1084,387.85,26,Customer_26,967.42,419.46,-3.2,TypeC
917,Monitor,Accessories,East,515.04,6,0.16,17-01-2024,85.84,76,1053,330.78,27,Customer_27,515.04,473.1,3,TypeA
918,Printer,Accessories,East,891.37,1,0.21,18-01-2024,891.37,46,1020,84.28,21,Customer_21,891.37,108.06,9.3,TypeC
919,Laptop,Accessories,South,1778.23,9,0.2,19-01-2024,197.5811111,32,1073,439.18,18,Customer_18,1778.23,161.51,37.1,TypeA
920,Monitor,Accessories,West,716.26,6,0.07,20-01-2024,119.3766667,79,1037,274.16,13,Customer_13,716.26,454.47,20.5,TypeA
921,Smartphone,Accessories,North,331.97,3,0.21,21-01-2024,110.6566667,80,1045,148.41,16,Customer_16,331.97,283.41,31.7,TypeB
922,Printer,Accessories,East,776.97,4,0.07,22-01-2024,194.2425,54,1003,218.36,9,Customer_9,776.97,325.84,25.5,TypeA
923,Monitor,Office Supplies,West,1822.97,,0.1,23-01-2024,455.7425,86,1059,28.41,12,Customer_12,1822.97,365.21,-4.4,TypeB
924,Laptop,Office Supplies,West,617.05,3,0.22,24-01-2024,205.6833333,92,1056,72.65,44,Customer_44,617.05,371.63,26.8,TypeC
925,Laptop,Accessories,South,1330.61,3,0.19,25-01-2024,,20,1044,385.12,38,Customer_38,1330.61,472.7,3.8,TypeC
926,Tablet,Office Supplies,East,100.99,3,0.25,26-01-2024,33.66333333,33,1019,10.01,19,Customer_19,100.99,498.78,22,TypeA
927,Tablet,Electronics,East,769.88,4,0.2,27-01-2024,192.47,74,1016,214.12,7,Customer_7,769.88,388.06,7,TypeB
928,Smartphone,Accessories,North,679.08,7,0.17,28-01-2024,97.01142857,40,1070,266.03,35,Customer_35,679.08,214.89,39.9,TypeA
929,Monitor,Electronics,East,412.85,4,0.03,29-01-2024,103.2125,32,1003,36.77,48,Customer_48,412.85,451.9,3.2,TypeB
930,Monitor,Electronics,North,1114.77,9,0.11,30-01-2024,123.8633333,97,1092,486.81,18,Customer_18,1114.77,119.69,4,TypeB
931,Tablet,Accessories,East,1021.18,1,0.08,31-01-2024,1021.18,2,1013,120.8,16,Customer_16,1021.18,192.43,36.5,TypeB
932,Monitor,Office Supplies,South,1415.63,8,0.07,01-02-2024,176.95375,97,1002,159.06,39,Customer_39,1415.63,458.95,-8.8,TypeC
933,Monitor,Electronics,East,611.88,7,0.29,02-02-2024,87.41142857,33,1087,158.93,4,Customer_4,611.88,202.48,24.8,TypeB
934,Laptop,Accessories,North,563.84,2,0.12,03-02-2024,281.92,77,1079,122.9,25,Customer_25,563.84,188.26,26.3,TypeC
935,Tablet,Electronics,North,419.75,8,0.27,04-02-2024,52.46875,30,1057,10.72,32,Customer_32,419.75,155.25,31.8,TypeB
936,Printer,Electronics,South,515.65,1,0.19,05-02-2024,515.65,33,1054,367.38,40,Customer_40,515.65,443.64,38.7,TypeC
937,Tablet,Electronics,East,1160.39,,0.24,06-02-2024,128.9322222,77,1003,483.75,13,Customer_13,1160.39,300.02,38.8,TypeD
938,Printer,Electronics,East,867.29,9,0.15,07-02-2024,96.36555556,26,1023,119.9,45,Customer_45,867.29,369.96,-6.7,TypeC
939,Laptop,Office Supplies,South,223.3,2,0.17,08-02-2024,,22,1033,334.89,17,Customer_17,223.3,195.63,31.1,TypeC
940,Smartphone,Electronics,East,582.44,7,0.15,09-02-2024,83.20571429,66,1029,373.53,49,Customer_49,582.44,403.22,22.3,TypeA
941,Monitor,Electronics,East,569.06,3,0.06,10-02-2024,189.6866667,38,1081,425.73,37,Customer_37,569.06,404,22.4,TypeB
942,Laptop,Electronics,North,1422.98,7,0.22,11-02-2024,203.2828571,90,1018,217.09,6,Customer_6,1422.98,225.04,-3.6,TypeD
943,Monitor,Office Supplies,East,1453.31,9,0.08,12-02-2024,161.4788889,46,1030,158.44,19,Customer_19,1453.31,264.27,22.5,TypeA
944,Smartphone,Electronics,East,381.37,4,0.01,13-02-2024,95.3425,15,1059,169.39,13,Customer_13,381.37,183.88,39.1,TypeB
945,Smartphone,Electronics,South,1995.71,1,0.19,14-02-2024,1995.71,98,1059,359.18,26,Customer_26,1995.71,490.62,35.6,TypeD
946,Laptop,Office Supplies,South,606.88,2,0.05,15-02-2024,303.44,44,1018,410.22,14,Customer_14,606.88,358.24,12,TypeD
947,Smartphone,Office Supplies,West,1955.57,1,0.28,16-02-2024,1955.57,49,1048,98.99,31,Customer_31,1955.57,473.82,-8,TypeD
948,Printer,Office Supplies,North,880.97,5,0.29,17-02-2024,,75,1062,191.76,4,Customer_4,880.97,221.35,8.1,TypeB
949,Smartphone,Electronics,East,162.8,,0.27,18-02-2024,32.56,61,1082,451.95,39,Customer_39,162.8,412.76,31.3,TypeD
950,Monitor,Office Supplies,East,755.64,7,0.11,19-02-2024,107.9485714,67,1021,405.28,8,Customer_8,755.64,406.34,25.1,TypeD
951,Monitor,Office Supplies,East,1801.95,1,0.1,01-01-2024,1801.95,6,1023,492.58,25,Customer_25,1801.95,376.66,13,TypeA
952,Printer,Office Supplies,North,1003.2,3,0.1,02-01-2024,334.4,9,1075,379.58,13,Customer_13,1003.2,486.26,-7.2,TypeC
953,Tablet,Electronics,East,1170.22,2,0.22,03-01-2024,585.11,6,1029,202.67,32,Customer_32,1170.22,257.42,11.3,TypeB
954,Printer,Office Supplies,North,1421.48,5,0.27,04-01-2024,284.296,73,1057,299.41,38,Customer_38,1421.48,152.29,13.5,TypeC
955,Printer,Office Supplies,South,364.73,6,0.27,05-01-2024,60.78833333,95,1030,333.9,38,Customer_38,364.73,368.68,36.4,TypeA
956,Smartphone,Accessories,East,1248.39,7,0.23,06-01-2024,178.3414286,32,1099,48.44,28,Customer_28,1248.39,391.72,22.1,TypeC
957,Tablet,Electronics,South,1125.7,,0.19,07-01-2024,281.425,41,1063,276.8,30,Customer_30,1125.7,330.02,5.6,TypeD
958,Tablet,Accessories,North,485.82,7,0.03,08-01-2024,69.40285714,76,1018,357.57,3,Customer_3,485.82,182.73,16.3,TypeD
959,Tablet,Accessories,West,1891.42,8,0.05,09-01-2024,236.4275,8,1047,91.99,28,Customer_28,1891.42,301.78,-6.7,TypeB
960,Printer,Accessories,East,1237.84,1,0.27,10-01-2024,1237.84,72,1044,392.51,3,Customer_3,1237.84,224.88,38.6,TypeB
961,Monitor,Accessories,North,1420.09,6,0.18,11-01-2024,236.6816667,50,1099,296.05,45,Customer_45,1420.09,270.99,8,TypeB
962,Tablet,Accessories,West,1772.89,8,0,12-01-2024,221.61125,92,1093,476.59,34,Customer_34,1772.89,358.09,13.9,TypeA
963,Printer,Accessories,West,1286.27,5,0.03,13-01-2024,257.254,62,1054,30.79,16,Customer_16,1286.27,398.09,7.8,TypeB
964,Smartphone,Accessories,South,661.7,4,0.2,14-01-2024,165.425,84,1054,140.01,22,Customer_22,661.7,192.89,24.1,TypeA
965,Monitor,Electronics,North,300.44,2,0,15-01-2024,150.22,62,1096,304.76,32,Customer_32,300.44,262.13,23.1,TypeD
966,Smartphone,Office Supplies,West,967.42,6,0.05,16-01-2024,161.2366667,7,1017,155.31,38,Customer_38,967.42,207.66,25.8,TypeC
967,Monitor,Accessories,East,515.04,6,0.16,17-01-2024,85.84,75,1062,360.07,8,Customer_8,515.04,179.45,3.4,TypeD
968,Printer,Accessories,East,891.37,1,0.21,18-01-2024,891.37,84,1091,381.91,8,Customer_8,891.37,413.35,5.8,TypeD
969,Laptop,Accessories,South,1778.23,,0.2,19-01-2024,197.5811111,80,1046,60.23,6,Customer_6,1778.23,463.7,-3.7,TypeD
970,Monitor,Accessories,West,716.26,6,0.07,20-01-2024,119.3766667,4,1074,261.79,14,Customer_14,716.26,248.09,22.8,TypeB
971,Smartphone,Accessories,North,331.97,3,0.21,21-01-2024,110.6566667,6,1056,259.36,32,Customer_32,331.97,400.51,-8,TypeB
972,Printer,Accessories,East,776.97,4,0.07,22-01-2024,194.2425,58,1044,190.95,35,Customer_35,776.97,458.8,19.9,TypeB
973,Monitor,Office Supplies,West,1822.97,4,0.1,23-01-2024,455.7425,22,1032,467.13,10,Customer_10,1822.97,438.45,33.5,TypeC
974,Laptop,Office Supplies,West,617.05,3,0.22,24-01-2024,,26,1016,415.48,3,Customer_3,617.05,173.13,34.5,TypeB
975,Laptop,Accessories,South,1330.61,3,0.19,25-01-2024,,3,1069,351.63,12,Customer_12,1330.61,482.52,12.5,TypeA
976,Tablet,Office Supplies,East,100.99,3,0.25,26-01-2024,33.66333333,41,1003,360.02,49,Customer_49,100.99,250.67,13,TypeD
977,Tablet,Electronics,East,769.88,4,0.2,27-01-2024,192.47,60,1019,236.24,31,Customer_31,769.88,235.7,-6.2,TypeC
978,Smartphone,Accessories,North,679.08,7,0.17,28-01-2024,97.01142857,14,1046,461.29,29,Customer_29,679.08,124.97,23.5,TypeC
979,Monitor,Electronics,East,412.85,4,0.03,29-01-2024,103.2125,75,1090,350.35,5,Customer_5,412.85,294.47,31.1,TypeC
980,Monitor,Electronics,North,1114.77,9,0.11,30-01-2024,123.8633333,82,1014,367.2,25,Customer_25,1114.77,143.61,2.2,TypeC
981,Tablet,Accessories,East,1021.18,1,0.08,31-01-2024,1021.18,12,1069,432.23,41,Customer_41,1021.18,199.42,11.1,TypeC
982,Monitor,Office Supplies,South,1415.63,8,0.07,01-02-2024,176.95375,87,1046,144.3,31,Customer_31,1415.63,226.78,31.9,TypeA
983,Monitor,Electronics,East,611.88,7,0.29,02-02-2024,87.41142857,12,1077,405.46,21,Customer_21,611.88,423.53,33.9,TypeD
984,Laptop,Accessories,North,563.84,2,0.12,03-02-2024,281.92,13,1074,105.67,20,Customer_20,563.84,450.2,2.2,TypeC
985,Tablet,Electronics,North,419.75,8,0.27,04-02-2024,52.46875,25,1008,179.22,39,Customer_39,419.75,220.99,17.5,TypeD
986,Printer,Electronics,South,515.65,1,0.19,05-02-2024,515.65,45,1089,174.45,22,Customer_22,515.65,443.48,-0.4,TypeB
987,Tablet,Electronics,East,1160.39,9,0.24,06-02-2024,,19,1015,489.48,4,Customer_4,1160.39,442.89,-4.9,TypeC
988,Printer,Electronics,East,867.29,9,0.15,07-02-2024,96.36555556,55,1068,429.7,13,Customer_13,867.29,405.86,35.6,TypeC
989,Laptop,Office Supplies,South,223.3,2,0.17,08-02-2024,111.65,100,1060,353.57,45,Customer_45,223.3,158.68,31,TypeD
990,Smartphone,Electronics,East,582.44,7,0.15,09-02-2024,83.20571429,45,1009,366.26,42,Customer_42,582.44,376.13,28,TypeC
991,Monitor,Electronics,East,569.06,3,0.06,10-02-2024,189.6866667,8,1049,285.42,50,Customer_50,569.06,478.01,-7.6,TypeC
992,Laptop,Electronics,North,1422.98,7,0.22,11-02-2024,203.2828571,93,1002,474.07,49,Customer_49,1422.98,373.02,32.2,TypeC
993,Monitor,Office Supplies,East,1453.31,9,0.08,12-02-2024,161.4788889,53,1076,253.17,20,Customer_20,1453.31,232.65,11.9,TypeA
994,Smartphone,Electronics,East,381.37,4,0.01,13-02-2024,95.3425,55,1093,196.45,13,Customer_13,381.37,300.23,7.1,TypeA
995,Smartphone,Electronics,South,1995.71,1,0.19,14-02-2024,1995.71,32,1069,89.89,17,Customer_17,1995.71,358.29,17.3,TypeC
996,Laptop,Office Supplies,South,606.88,2,0.05,15-02-2024,303.44,51,1080,395.24,36,Customer_36,606.88,304.23,-5.4,TypeA
997,Smartphone,Office Supplies,West,1955.57,1,0.28,16-02-2024,1955.57,44,1050,369.88,33,Customer_33,1955.57,147.98,27.8,TypeB
998,Printer,Office Supplies,North,880.97,5,0.29,17-02-2024,176.194,82,1018,198.33,1,Customer_1,880.97,224.83,19.1,TypeC
999,Smartphone,Electronics,East,162.8,5,0.27,18-02-2024,32.56,70,1041,22.34,15,Customer_15,162.8,420.96,-0.7,TypeB
1000,Monitor,Office Supplies,East,755.64,7,0.11,19-02-2024,107.9485714,18,1034,421.11,13,Customer_13,755.64,444.57,-0.6,TypeD
